perc,nbn,sample,conn,load,meanLat,reqPerSec
35,1,1,1,1,20.826,1.07
35,1,1,1,21,77.583,22.46
35,1,1,1,41,3005.759,36.78
35,1,1,1,61,4633.503,45.30
35,1,1,1,81,8625.445,46.39
35,1,1,1,101,15140.826,24.76
35,1,1,1,121,16021.089,24.00
35,1,1,1,141,17534.120,17.46
35,1,1,1,161,18319.120,16.16
35,1,1,1,181,18450.733,13.36
35,1,1,1,201,18771.320,11.60
35,1,1,1,221,19180.880,10.67
35,1,1,1,241,19751.621,8.83
35,1,1,1,261,19185.044,7.86
35,1,1,1,281,19535.345,7.23
35,1,1,1,301,19440.673,5.89
35,1,2,1,1,26.965,1.07
35,1,2,1,21,67.489,22.47
35,1,2,1,41,2259.965,38.52
35,1,2,1,61,9366.427,34.48
35,1,2,1,81,15027.870,27.65
35,1,2,1,101,15155.335,22.51
35,1,2,1,121,16998.639,16.63
35,1,2,1,141,18472.584,15.23
35,1,2,1,161,18212.546,10.88
35,1,2,1,181,20214.429,9.76
35,1,2,1,201,19120.666,10.13
35,1,2,1,221,19949.949,8.26
35,1,2,1,241,18827.402,9.12
35,1,2,1,261,19569.576,7.18
35,1,2,1,281,18853.396,6.13
35,1,2,1,301,19364.771,5.87
35,1,3,1,1,20.224,1.06
35,1,3,1,21,73.478,22.42
35,1,3,1,41,4498.684,33.97
35,1,3,1,61,9797.864,32.02
35,1,3,1,81,13733.157,29.66
35,1,3,1,101,16256.421,23.66
35,1,3,1,121,17445.168,21.33
35,1,3,1,141,18366.710,18.43
35,1,3,1,161,17280.270,16.13
35,1,3,1,181,19328.583,10.84
35,1,3,1,201,18767.431,11.03
35,1,3,1,221,19464.417,9.36
35,1,3,1,241,18871.653,8.81
35,1,3,1,261,20029.709,6.69
35,1,3,1,281,19450.429,6.23
35,1,3,1,301,20330.028,6.42
35,1,4,1,1,21.287,1.06
35,1,4,1,21,38.639,22.46
35,1,4,1,41,2553.385,36.32
35,1,4,1,61,9550.994,35.10
35,1,4,1,81,14820.610,28.11
35,1,4,1,101,16281.305,22.02
35,1,4,1,121,16832.537,17.26
35,1,4,1,141,18128.002,17.13
35,1,4,1,161,18410.500,13.16
35,1,4,1,181,18805.429,9.56
35,1,4,1,201,19681.686,9.54
35,1,4,1,221,19118.801,9.00
35,1,4,1,241,20441.130,9.06
35,1,4,1,261,20188.672,9.09
35,1,4,1,281,18942.382,8.22
35,1,4,1,301,19063.150,9.63
35,1,5,1,1,20.887,1.07
35,1,5,1,21,77.603,22.50
35,1,5,1,41,4141.510,34.29
35,1,5,1,61,9568.403,34.17
35,1,5,1,81,14511.413,27.28
35,1,5,1,101,16016.060,21.83
35,1,5,1,121,17871.003,20.02
35,1,5,1,141,18705.560,16.75
35,1,5,1,161,18494.153,14.93
35,1,5,1,181,19091.682,12.23
35,1,5,1,201,17838.279,12.34
35,1,5,1,221,18497.443,10.92
35,1,5,1,241,19266.885,8.23
35,1,5,1,261,19737.132,7.26
35,1,5,1,281,18505.554,7.46
35,1,5,1,301,20173.568,6.03
35,12,1,1,1,19.852,1.06
35,12,1,1,21,31.273,22.49
35,12,1,1,41,112.321,42.28
35,12,1,1,61,385.371,60.29
35,12,1,1,81,5285.511,63.39
35,12,1,1,101,11973.844,45.81
35,12,1,1,121,16523.117,26.53
35,12,1,1,141,18090.471,20.22
35,12,1,1,161,17335.071,19.50
35,12,1,1,181,18478.839,16.89
35,12,1,1,201,18959.761,12.86
35,12,1,1,221,18844.343,11.40
35,12,1,1,241,19372.745,11.36
35,12,1,1,261,19166.840,9.05
35,12,1,1,281,19113.796,9.36
35,12,1,1,301,19802.036,8.16
35,12,2,1,1,16.697,1.06
35,12,2,1,21,33.478,22.49
35,12,2,1,41,32.927,42.28
35,12,2,1,61,423.617,61.39
35,12,2,1,81,5686.056,59.21
35,12,2,1,101,11833.121,53.58
35,12,2,1,121,15915.766,29.49
35,12,2,1,141,16707.248,24.74
35,12,2,1,161,17747.570,20.27
35,12,2,1,181,18743.206,15.07
35,12,2,1,201,18116.165,27.76
35,12,2,1,221,17780.394,28.33
35,12,2,1,241,18217.408,26.52
35,12,2,1,261,18535.344,24.02
35,12,2,1,281,17797.082,20.99
35,12,2,1,301,19011.631,10.80
35,12,3,1,1,14.724,1.07
35,12,3,1,21,46.850,22.46
35,12,3,1,41,69.545,42.30
35,12,3,1,61,67.962,61.40
35,12,3,1,81,1382.719,78.73
35,12,3,1,101,5677.752,72.09
35,12,3,1,121,13976.438,54.58
35,12,3,1,141,15327.054,30.45
35,12,3,1,161,18299.676,18.82
35,12,3,1,181,17687.216,20.56
35,12,3,1,201,18406.669,16.96
35,12,3,1,221,19703.721,12.36
35,12,3,1,241,19187.056,12.00
35,12,3,1,261,20196.441,10.31
35,12,3,1,281,19578.930,8.27
35,12,3,1,301,19650.590,10.86
35,12,4,1,1,14.247,1.06
35,12,4,1,21,42.688,22.49
35,12,4,1,41,129.292,41.11
35,12,4,1,61,3227.253,54.75
35,12,4,1,81,6435.907,55.32
35,12,4,1,101,14101.222,45.44
35,12,4,1,121,14316.224,34.92
35,12,4,1,141,17691.416,24.66
35,12,4,1,161,17465.405,23.56
35,12,4,1,181,18154.762,17.22
35,12,4,1,201,18732.840,12.58
35,12,4,1,221,18701.812,13.13
35,12,4,1,241,19059.050,11.33
35,12,4,1,261,19705.745,9.75
35,12,4,1,281,19295.814,9.51
35,12,4,1,301,20073.610,7.38
35,12,5,1,1,22.131,1.07
35,12,5,1,21,47.421,22.49
35,12,5,1,41,266.738,41.29
35,12,5,1,61,7024.848,42.60
35,12,5,1,81,11791.572,41.19
35,12,5,1,101,15295.786,24.52
35,12,5,1,121,16542.707,22.16
35,12,5,1,141,17630.589,20.29
35,12,5,1,161,18009.642,16.36
35,12,5,1,181,19145.810,13.06
35,12,5,1,201,18321.635,14.23
35,12,5,1,221,19394.507,10.63
35,12,5,1,241,18886.481,9.77
35,12,5,1,261,19163.879,10.46
35,12,5,1,281,18614.378,9.95
35,12,5,1,301,20181.442,8.68
25,1,1,1,1,30.770,1.07
25,1,1,1,21,680.559,21.89
25,1,1,1,41,8839.408,23.55
25,1,1,1,61,15506.622,15.79
25,1,1,1,81,17651.585,11.33
25,1,1,1,101,18972.734,9.73
25,1,1,1,121,17387.880,8.60
25,1,1,1,141,19546.528,6.16
25,1,1,1,161,19099.762,5.60
25,1,1,1,181,19972.730,4.42
25,1,1,1,201,19035.455,5.50
25,1,1,1,221,19225.763,8.76
25,1,1,1,241,19523.107,7.63
25,1,1,1,261,19215.589,6.82
25,1,1,1,281,18694.042,6.67
25,1,1,1,301,19412.285,7.69
25,1,2,1,1,27.954,1.07
25,1,2,1,21,1147.792,21.45
25,1,2,1,41,10180.259,21.79
25,1,2,1,61,17042.408,15.67
25,1,2,1,81,16844.888,12.66
25,1,2,1,101,17930.056,8.96
25,1,2,1,121,19359.639,6.73
25,1,2,1,141,19301.453,7.33
25,1,2,1,161,18395.102,6.15
25,1,2,1,181,20117.834,4.93
25,1,2,1,201,19820.188,4.52
25,1,2,1,221,20376.077,4.10
25,1,2,1,241,20093.033,3.93
25,1,2,1,261,20361.114,3.92
25,1,2,1,281,20557.644,4.22
25,1,2,1,301,20106.629,3.42
25,1,3,1,1,27.244,1.07
25,1,3,1,21,974.382,21.23
25,1,3,1,41,10864.771,20.81
25,1,3,1,61,15053.276,14.15
25,1,3,1,81,17241.611,12.23
25,1,3,1,101,17983.276,10.56
25,1,3,1,121,19389.686,7.55
25,1,3,1,141,19010.866,5.73
25,1,3,1,161,18949.598,5.66
25,1,3,1,181,19296.437,5.60
25,1,3,1,201,18881.273,5.33
25,1,3,1,221,19236.224,4.03
25,1,3,1,241,19574.012,3.25
25,1,3,1,261,20053.271,3.09
25,1,3,1,281,20452.521,3.63
25,1,3,1,301,19637.323,3.79
25,1,4,1,1,24.336,1.07
25,1,4,1,21,34.503,22.49
25,1,4,1,41,9327.704,21.85
25,1,4,1,61,17222.527,14.79
25,1,4,1,81,16769.952,15.09
25,1,4,1,101,18002.858,9.76
25,1,4,1,121,17727.635,11.10
25,1,4,1,141,19377.775,11.37
25,1,4,1,161,21048.144,12.13
25,1,4,1,181,21047.786,8.89
25,1,4,1,201,18051.548,7.90
25,1,4,1,221,20714.233,9.90
25,1,4,1,241,19299.189,11.63
25,1,4,1,261,18796.368,13.53
25,1,4,1,281,19198.753,12.97
25,1,4,1,301,19799.840,13.26
25,1,5,1,1,4.955,1.07
25,1,5,1,21,4.741,22.49
25,1,5,1,41,10.839,42.22
25,1,5,1,61,76.031,61.06
25,1,5,1,81,4092.061,64.87
25,1,5,1,101,8410.437,61.60
25,1,5,1,121,15086.918,40.94
25,1,5,1,141,15129.941,35.75
25,1,5,1,161,16911.846,25.99
25,1,5,1,181,17316.228,23.60
25,1,5,1,201,18641.954,17.46
25,1,5,1,221,19061.143,15.30
25,1,5,1,241,19895.162,13.30
25,1,5,1,261,18898.359,13.26
25,1,5,1,281,19302.649,10.54
25,1,5,1,301,19328.920,10.16
25,12,1,1,1,4.993,1.07
25,12,1,1,21,4.557,22.49
25,12,1,1,41,5.745,42.29
25,12,1,1,61,6.188,61.42
25,12,1,1,81,23.038,81.35
25,12,1,1,101,2179.402,91.95
25,12,1,1,121,5289.133,89.66
25,12,1,1,141,11048.545,71.84
25,12,1,1,161,14818.494,45.74
25,12,1,1,181,16468.270,39.58
25,12,1,1,201,16860.850,32.97
25,12,1,1,221,17918.699,25.53
25,12,1,1,241,18247.438,23.79
25,12,1,1,261,18298.370,21.34
25,12,1,1,281,18830.887,18.53
25,12,1,1,301,19077.897,20.00
25,12,2,1,1,5.422,1.07
25,12,2,1,21,4.562,22.49
25,12,2,1,41,5.701,42.28
25,12,2,1,61,9.928,61.42
25,12,2,1,81,39.726,81.26
25,12,2,1,101,3485.753,79.30
25,12,2,1,121,12804.761,59.78
25,12,2,1,141,13737.774,35.73
25,12,2,1,161,17258.421,30.95
25,12,2,1,181,15900.789,21.43
25,12,2,1,201,18595.866,14.26
25,12,2,1,221,17317.755,16.10
25,12,2,1,241,18453.533,14.49
25,12,2,1,261,20028.583,14.42
25,12,2,1,281,19904.045,9.91
25,12,2,1,301,19119.955,13.31
25,12,3,1,1,17.828,1.07
25,12,3,1,21,49.553,22.49
25,12,3,1,41,239.317,42.27
25,12,3,1,61,603.552,61.40
25,12,3,1,81,1386.407,70.46
25,12,3,1,101,9949.750,49.29
25,12,3,1,121,18361.034,23.47
25,12,3,1,141,18791.158,19.67
25,12,3,1,161,17205.202,23.73
25,12,3,1,181,16110.187,15.52
25,12,3,1,201,18344.591,16.41
25,12,3,1,221,18422.891,14.00
25,12,3,1,241,20330.589,12.94
25,12,3,1,261,18743.470,13.97
25,12,3,1,281,19288.972,12.56
25,12,3,1,301,18965.125,9.95
25,12,4,1,1,14.437,1.07
25,12,4,1,21,55.798,22.49
25,12,4,1,41,1728.262,40.90
25,12,4,1,61,4466.908,49.01
25,12,4,1,81,4450.344,67.68
25,12,4,1,101,7490.983,65.27
25,12,4,1,121,15513.445,40.88
25,12,4,1,141,15947.121,31.62
25,12,4,1,161,16816.836,26.55
25,12,4,1,181,19016.502,20.60
25,12,4,1,201,18681.380,19.09
25,12,4,1,221,19130.831,15.11
25,12,4,1,241,19875.334,16.56
25,12,4,1,261,18619.755,18.19
25,12,4,1,281,18895.245,17.51
25,12,4,1,301,20568.634,8.88
25,12,5,1,1,11.050,1.07
25,12,5,1,21,65.796,22.43
25,12,5,1,41,395.184,40.77
25,12,5,1,61,7834.841,38.59
25,12,5,1,81,14703.275,40.03
25,12,5,1,101,16438.602,19.17
25,12,5,1,121,17903.011,23.63
25,12,5,1,141,16827.963,24.71
25,12,5,1,161,18731.729,21.97
25,12,5,1,181,18436.392,17.72
25,12,5,1,201,18323.562,15.53
25,12,5,1,221,20118.999,13.57
25,12,5,1,241,19831.366,15.29
25,12,5,1,261,18606.715,16.49
25,12,5,1,281,18107.522,9.16
25,12,5,1,301,18832.285,8.63
30,1,1,1,1,36.346,1.06
30,1,1,1,21,483.564,21.90
30,1,1,1,41,7000.300,28.39
30,1,1,1,61,9721.493,36.89
30,1,1,1,81,14228.901,35.49
30,1,1,1,101,16894.963,16.89
30,1,1,1,121,17494.468,12.59
30,1,1,1,141,18261.768,10.59
30,1,1,1,161,18738.549,10.85
30,1,1,1,181,18395.212,9.33
30,1,1,1,201,19780.303,5.90
30,1,1,1,221,20011.908,6.16
30,1,1,1,241,19629.140,4.56
30,1,1,1,261,19647.888,4.96
30,1,1,1,281,20032.726,4.79
30,1,1,1,301,19968.422,4.65
30,1,2,1,1,30.478,1.07
30,1,2,1,21,143.198,22.50
30,1,2,1,41,1212.154,41.31
30,1,2,1,61,5717.134,44.82
30,1,2,1,81,11585.086,40.18
30,1,2,1,101,15982.601,30.43
30,1,2,1,121,16359.925,26.06
30,1,2,1,141,17729.867,21.18
30,1,2,1,161,19358.548,16.75
30,1,2,1,181,17445.347,20.49
30,1,2,1,201,19569.706,15.70
30,1,2,1,221,18321.130,10.72
30,1,2,1,241,18361.224,6.63
30,1,2,1,261,19660.776,7.17
30,1,2,1,281,19680.888,4.72
30,1,2,1,301,19552.381,5.99
30,1,3,1,1,13.589,1.06
30,1,3,1,21,12.157,22.50
30,1,3,1,41,157.086,42.29
30,1,3,1,61,12463.303,31.75
30,1,3,1,81,14804.222,22.79
30,1,3,1,101,15014.006,24.92
30,1,3,1,121,18759.502,14.42
30,1,3,1,141,18939.062,10.13
30,1,3,1,161,19239.248,13.06
30,1,3,1,181,17676.774,14.53
30,1,3,1,201,19886.292,7.96
30,1,3,1,221,19906.473,8.39
30,1,3,1,241,18927.017,9.55
30,1,3,1,261,19348.580,7.50
30,1,3,1,281,19801.932,9.70
30,1,3,1,301,19330.659,11.33
30,1,4,1,1,13.576,1.07
30,1,4,1,21,47.836,22.50
30,1,4,1,41,400.249,42.20
30,1,4,1,61,306.306,61.41
30,1,4,1,81,5558.385,48.88
30,1,4,1,101,15529.574,26.46
30,1,4,1,121,17388.449,22.26
30,1,4,1,141,18823.314,12.66
30,1,4,1,161,18294.884,10.79
30,1,4,1,181,19148.890,7.03
30,1,4,1,201,19242.975,6.06
30,1,4,1,221,20691.224,6.70
30,1,4,1,241,19545.940,5.03
30,1,4,1,261,19225.496,5.03
30,1,4,1,281,20474.073,4.09
30,1,4,1,301,20477.026,3.68
30,1,5,1,1,24.865,1.07
30,1,5,1,21,319.806,22.23
30,1,5,1,41,7204.743,28.36
30,1,5,1,61,4607.017,50.20
30,1,5,1,81,11120.821,46.18
30,1,5,1,101,13835.447,41.52
30,1,5,1,121,16663.987,27.33
30,1,5,1,141,16887.359,21.13
30,1,5,1,161,17895.528,16.96
30,1,5,1,181,18558.781,11.44
30,1,5,1,201,18958.982,8.72
30,1,5,1,221,21152.649,7.66
30,1,5,1,241,19604.442,8.30
30,1,5,1,261,18178.138,8.89
30,1,5,1,281,20240.849,8.49
30,1,5,1,301,19223.766,8.06
30,12,1,1,1,10.691,1.06
30,12,1,1,21,18.408,22.50
30,12,1,1,41,363.613,41.99
30,12,1,1,61,840.374,61.36
30,12,1,1,81,4538.653,58.31
30,12,1,1,101,14865.680,34.83
30,12,1,1,121,14413.756,27.82
30,12,1,1,141,16912.121,17.13
30,12,1,1,161,16533.199,17.31
30,12,1,1,181,18587.901,19.92
30,12,1,1,201,16869.930,16.70
30,12,1,1,221,19363.589,12.61
30,12,1,1,241,18458.869,10.55
30,12,1,1,261,19631.031,8.83
30,12,1,1,281,18471.354,9.33
30,12,1,1,301,19510.126,7.15
30,12,2,1,1,11.360,1.06
30,12,2,1,21,33.519,22.48
30,12,2,1,41,86.214,42.15
30,12,2,1,61,5798.277,46.28
30,12,2,1,81,11570.398,41.10
30,12,2,1,101,14864.400,25.23
30,12,2,1,121,16732.389,20.25
30,12,2,1,141,17990.049,14.06
30,12,2,1,161,17755.240,15.00
30,12,2,1,181,18697.747,12.40
30,12,2,1,201,19713.247,13.03
30,12,2,1,221,19661.725,11.76
30,12,2,1,241,19189.302,8.87
30,12,2,1,261,19035.089,9.06
30,12,2,1,281,19726.592,9.36
30,12,2,1,301,17736.079,11.86
30,12,3,1,1,11.321,1.06
30,12,3,1,21,42.264,22.50
30,12,3,1,41,150.395,42.05
30,12,3,1,61,6623.270,48.65
30,12,3,1,81,1692.874,81.56
30,12,3,1,101,3127.920,83.66
30,12,3,1,121,8362.086,66.29
30,12,3,1,141,16572.008,31.67
30,12,3,1,161,15753.833,41.65
30,12,3,1,181,15966.009,26.77
30,12,3,1,201,19888.372,17.09
30,12,3,1,221,16426.436,26.19
30,12,3,1,241,17647.265,19.86
30,12,3,1,261,19566.416,17.73
30,12,3,1,281,17474.790,17.60
30,12,3,1,301,19430.772,8.94
30,12,4,1,1,15.675,1.07
30,12,4,1,21,29.438,22.48
30,12,4,1,41,288.724,41.83
30,12,4,1,61,6381.333,42.77
30,12,4,1,81,8788.658,46.10
30,12,4,1,101,16249.051,28.13
30,12,4,1,121,15788.471,25.56
30,12,4,1,141,17899.136,16.59
30,12,4,1,161,18114.552,13.69
30,12,4,1,181,19075.349,15.03
30,12,4,1,201,18177.295,12.03
30,12,4,1,221,17781.450,12.01
30,12,4,1,241,19006.884,8.95
30,12,4,1,261,18990.282,7.99
30,12,4,1,281,19217.493,7.69
30,12,4,1,301,19243.827,6.69
30,12,5,1,1,21.487,1.07
30,12,5,1,21,34.015,22.46
30,12,5,1,41,159.867,42.29
30,12,5,1,61,2527.127,57.04
30,12,5,1,81,5047.856,62.43
30,12,5,1,101,11663.932,49.03
30,12,5,1,121,15406.909,28.54
30,12,5,1,141,17506.295,24.73
30,12,5,1,161,16790.750,20.48
30,12,5,1,181,18820.730,14.33
30,12,5,1,201,18678.543,10.22
30,12,5,1,221,18492.669,14.36
30,12,5,1,241,18734.598,8.89
30,12,5,1,261,19719.261,8.53
30,12,5,1,281,19212.368,8.58
30,12,5,1,301,20221.767,7.39
20,1,1,1,1,31.525,1.06
20,1,1,1,21,4402.275,18.66
20,1,1,1,41,11582.060,17.67
20,1,1,1,61,17621.059,11.05
20,1,1,1,81,17680.749,10.42
20,1,1,1,101,19932.338,11.93
20,1,1,1,121,17895.572,5.85
20,1,1,1,141,19063.073,4.32
20,1,1,1,161,19478.905,3.63
20,1,1,1,181,20437.650,2.73
20,1,1,1,201,20182.799,3.06
20,1,1,1,221,17382.491,4.33
20,1,1,1,241,20178.203,2.26
20,1,1,1,261,19044.570,2.33
20,1,1,1,281,20970.651,2.89
20,1,1,1,301,20125.379,3.40
20,1,2,1,1,38.455,1.07
20,1,2,1,21,885.237,22.43
20,1,2,1,41,11482.338,18.66
20,1,2,1,61,17980.533,8.16
20,1,2,1,81,19294.128,7.39
20,1,2,1,101,18753.291,6.29
20,1,2,1,121,19584.908,5.64
20,1,2,1,141,17945.819,4.50
20,1,2,1,161,20567.604,4.43
20,1,2,1,181,19877.978,4.18
20,1,2,1,201,20138.555,2.91
20,1,2,1,221,19845.189,2.80
20,1,2,1,241,19901.302,2.93
20,1,2,1,261,20607.940,2.45
20,1,2,1,281,19782.205,3.24
20,1,2,1,301,19216.460,4.18
20,1,3,1,1,25.747,1.06
20,1,3,1,21,6869.932,15.26
20,1,3,1,41,12509.456,16.40
20,1,3,1,61,17417.656,8.96
20,1,3,1,81,18411.414,7.53
20,1,3,1,101,16229.917,10.94
20,1,3,1,121,19974.893,5.89
20,1,3,1,141,19221.762,5.07
20,1,3,1,161,20599.114,4.07
20,1,3,1,181,19402.140,4.25
20,1,3,1,201,18244.506,4.36
20,1,3,1,221,19526.841,3.20
20,1,3,1,241,21310.855,4.22
20,1,3,1,261,20433.595,3.55
20,1,3,1,281,19800.633,3.17
20,1,3,1,301,20196.526,2.63
20,1,4,1,1,34.363,1.07
20,1,4,1,21,469.120,22.36
20,1,4,1,41,11755.811,17.10
20,1,4,1,61,18316.965,9.38
20,1,4,1,81,18420.407,7.33
20,1,4,1,101,18628.868,7.42
20,1,4,1,121,20108.462,7.11
20,1,4,1,141,17886.568,7.21
20,1,4,1,161,17874.773,5.94
20,1,4,1,181,19713.746,5.08
20,1,4,1,201,18814.120,4.95
20,1,4,1,221,18400.964,5.77
20,1,4,1,241,18644.797,4.10
20,1,4,1,261,20703.189,6.11
20,1,4,1,281,20464.122,3.79
20,1,4,1,301,20389.888,3.91
20,1,5,1,1,42.390,1.07
20,1,5,1,21,6642.588,15.80
20,1,5,1,41,13661.338,13.19
20,1,5,1,61,16898.017,9.22
20,1,5,1,81,18442.468,7.50
20,1,5,1,101,18682.004,6.49
20,1,5,1,121,19419.468,5.72
20,1,5,1,141,20079.814,5.23
20,1,5,1,161,19447.454,3.84
20,1,5,1,181,19582.703,3.89
20,1,5,1,201,19389.302,3.35
20,1,5,1,221,21783.347,4.02
20,1,5,1,241,18520.262,4.89
20,1,5,1,261,18747.203,3.22
20,1,5,1,281,19236.825,2.61
20,1,5,1,301,19942.969,3.08
20,12,1,1,1,25.241,1.06
20,12,1,1,21,4024.350,17.80
20,12,1,1,41,11705.678,20.68
20,12,1,1,61,17204.456,11.12
20,12,1,1,81,17821.563,11.95
20,12,1,1,101,15358.976,12.13
20,12,1,1,121,19196.730,6.29
20,12,1,1,141,19132.114,4.87
20,12,1,1,161,19565.746,4.42
20,12,1,1,181,20374.460,4.18
20,12,1,1,201,19358.948,3.64
20,12,1,1,221,20346.937,3.46
20,12,1,1,241,19659.750,3.71
20,12,1,1,261,20511.071,3.38
20,12,1,1,281,20115.001,3.79
20,12,1,1,301,19975.748,3.99
20,12,2,1,1,40.462,1.07
20,12,2,1,21,4431.701,17.87
20,12,2,1,41,10169.410,21.99
20,12,2,1,61,16798.776,16.84
20,12,2,1,81,16719.969,12.57
20,12,2,1,101,18833.353,7.63
20,12,2,1,121,18823.249,6.69
20,12,2,1,141,19361.156,5.56
20,12,2,1,161,20026.748,4.99
20,12,2,1,181,18486.187,5.36
20,12,2,1,201,19671.218,4.35
20,12,2,1,221,19892.685,4.20
20,12,2,1,241,20206.417,4.08
20,12,2,1,261,19536.607,3.90
20,12,2,1,281,18547.685,6.10
20,12,2,1,301,19146.234,4.32
20,12,3,1,1,25.627,1.07
20,12,3,1,21,2846.924,19.38
20,12,3,1,41,10908.469,19.88
20,12,3,1,61,16973.273,11.08
20,12,3,1,81,17633.851,11.49
20,12,3,1,101,18682.778,8.22
20,12,3,1,121,19096.341,6.42
20,12,3,1,141,19602.726,5.16
20,12,3,1,161,19552.317,4.57
20,12,3,1,181,19223.020,3.73
20,12,3,1,201,19321.534,3.24
20,12,3,1,221,20564.182,3.25
20,12,3,1,241,19124.974,3.29
20,12,3,1,261,20179.318,4.21
20,12,3,1,281,19726.150,3.39
20,12,3,1,301,19118.302,4.08
20,12,4,1,1,28.231,1.06
20,12,4,1,21,2666.041,20.29
20,12,4,1,41,10205.048,21.77
20,12,4,1,61,16645.888,14.09
20,12,4,1,81,17760.345,11.69
20,12,4,1,101,18917.560,8.15
20,12,4,1,121,18992.082,5.60
20,12,4,1,141,18974.660,5.10
20,12,4,1,161,19733.628,4.26
20,12,4,1,181,20218.486,3.92
20,12,4,1,201,19617.724,4.26
20,12,4,1,221,20262.756,3.73
20,12,4,1,241,20080.768,3.17
20,12,4,1,261,19362.598,2.86
20,12,4,1,281,20131.126,3.99
20,12,4,1,301,20452.021,3.22
20,12,5,1,1,33.558,1.06
20,12,5,1,21,3156.131,18.72
20,12,5,1,41,10782.956,19.62
20,12,5,1,61,17336.253,10.70
20,12,5,1,81,17350.671,11.52
20,12,5,1,101,16487.867,15.30
20,12,5,1,121,18977.963,6.42
20,12,5,1,141,19389.498,4.84
20,12,5,1,161,20533.028,4.52
20,12,5,1,181,19480.059,4.67
20,12,5,1,201,19274.189,3.84
20,12,5,1,221,19167.601,7.47
20,12,5,1,241,20890.241,5.19
20,12,5,1,261,19666.963,5.56
20,12,5,1,281,19863.107,4.41
20,12,5,1,301,20846.726,5.15
40,1,1,1,1,20.068,1.07
40,1,1,1,21,23.851,22.46
40,1,1,1,41,43.122,42.22
40,1,1,1,61,170.045,59.57
40,1,1,1,81,4068.827,63.86
40,1,1,1,101,6766.993,65.36
40,1,1,1,121,14808.312,42.20
40,1,1,1,141,15283.831,34.26
40,1,1,1,161,17436.576,25.80
40,1,1,1,181,17585.835,23.26
40,1,1,1,201,18294.421,21.86
40,1,1,1,221,17944.168,17.49
40,1,1,1,241,18346.880,15.86
40,1,1,1,261,19024.365,14.19
40,1,1,1,281,19142.764,15.56
40,1,1,1,301,18743.079,15.32
40,1,2,1,1,23.307,1.06
40,1,2,1,21,23.551,22.50
40,1,2,1,41,61.905,42.08
40,1,2,1,61,175.359,61.41
40,1,2,1,81,4413.281,64.37
40,1,2,1,101,10033.554,55.01
40,1,2,1,121,13882.463,36.52
40,1,2,1,141,15448.016,35.76
40,1,2,1,161,16833.100,25.86
40,1,2,1,181,18901.704,21.19
40,1,2,1,201,17989.107,21.14
40,1,2,1,221,19241.487,14.37
40,1,2,1,241,19280.463,14.20
40,1,2,1,261,19303.900,12.46
40,1,2,1,281,19259.632,11.16
40,1,2,1,301,19191.750,12.06
40,1,3,1,1,23.735,1.07
40,1,3,1,21,20.166,22.50
40,1,3,1,41,52.328,42.09
40,1,3,1,61,1613.943,59.77
40,1,3,1,81,4309.093,60.83
40,1,3,1,101,11624.804,52.93
40,1,3,1,121,14808.751,36.03
40,1,3,1,141,15737.773,33.73
40,1,3,1,161,16941.892,24.97
40,1,3,1,181,18736.233,17.69
40,1,3,1,201,18431.410,18.72
40,1,3,1,221,18772.438,15.56
40,1,3,1,241,19876.134,14.90
40,1,3,1,261,18617.328,12.99
40,1,3,1,281,18962.469,11.60
40,1,3,1,301,19236.910,11.09
40,1,4,1,1,21.648,1.07
40,1,4,1,21,19.400,22.47
40,1,4,1,41,30.762,42.27
40,1,4,1,61,4368.257,50.67
40,1,4,1,81,6334.537,55.94
40,1,4,1,101,10851.586,51.53
40,1,4,1,121,13876.893,36.42
40,1,4,1,141,15435.140,35.93
40,1,4,1,161,16519.698,23.89
40,1,4,1,181,18893.184,19.19
40,1,4,1,201,18050.550,19.93
40,1,4,1,221,18314.970,18.56
40,1,4,1,241,19707.552,14.50
40,1,4,1,261,18286.703,15.86
40,1,4,1,281,19253.967,13.13
40,1,4,1,301,19587.805,10.90
40,1,5,1,1,21.342,1.06
40,1,5,1,21,16.638,22.50
40,1,5,1,41,12.993,42.28
40,1,5,1,61,280.912,60.48
40,1,5,1,81,6168.490,63.73
40,1,5,1,101,4758.095,81.93
40,1,5,1,121,12288.017,52.15
40,1,5,1,141,15149.833,36.15
40,1,5,1,161,17237.183,24.29
40,1,5,1,181,17641.150,30.43
40,1,5,1,201,18576.897,21.43
40,1,5,1,221,19257.225,18.96
40,1,5,1,241,18946.510,16.23
40,1,5,1,261,18654.320,14.12
40,1,5,1,281,18844.953,10.56
40,1,5,1,301,19735.188,11.67
40,12,1,1,1,19.029,1.06
40,12,1,1,21,18.857,22.48
40,12,1,1,41,33.032,42.26
40,12,1,1,61,25.545,61.42
40,12,1,1,81,80.171,81.24
40,12,1,1,101,2195.846,92.63
40,12,1,1,121,2869.350,107.05
40,12,1,1,141,7141.313,89.12
40,12,1,1,161,15063.888,55.16
40,12,1,1,181,14607.976,49.15
40,12,1,1,201,15416.346,43.47
40,12,1,1,221,16185.013,34.07
40,12,1,1,241,18556.666,23.80
40,12,1,1,261,18468.628,21.23
40,12,1,1,281,19571.652,18.49
40,12,1,1,301,19141.939,16.00
40,12,2,1,1,22.146,1.06
40,12,2,1,21,17.485,22.49
40,12,2,1,41,15.698,42.29
40,12,2,1,61,22.559,61.38
40,12,2,1,81,32.927,81.55
40,12,2,1,101,48.791,100.22
40,12,2,1,121,1304.661,111.73
40,12,2,1,141,6877.357,94.83
40,12,2,1,161,14148.002,60.06
40,12,2,1,181,15487.858,42.27
40,12,2,1,201,17069.382,27.39
40,12,2,1,221,17355.864,29.22
40,12,2,1,241,17811.711,26.53
40,12,2,1,261,19094.523,21.26
40,12,2,1,281,18228.265,22.96
40,12,2,1,301,18549.340,18.80
40,12,3,1,1,15.105,1.06
40,12,3,1,21,27.303,22.48
40,12,3,1,41,40.927,41.95
40,12,3,1,61,115.507,61.15
40,12,3,1,81,3012.016,70.09
40,12,3,1,101,786.558,98.94
40,12,3,1,121,4142.561,92.63
40,12,3,1,141,10246.909,71.15
40,12,3,1,161,14905.311,42.72
40,12,3,1,181,16302.802,42.82
40,12,3,1,201,17210.417,30.30
40,12,3,1,221,18161.718,23.16
40,12,3,1,241,18942.123,22.47
40,12,3,1,261,18822.060,19.26
40,12,3,1,281,19202.857,16.70
40,12,3,1,301,19139.279,16.36
40,12,4,1,1,24.131,1.06
40,12,4,1,21,17.391,22.46
40,12,4,1,41,19.093,42.28
40,12,4,1,61,18.077,61.40
40,12,4,1,81,68.102,81.30
40,12,4,1,101,67.673,99.91
40,12,4,1,121,1339.142,109.83
40,12,4,1,141,5441.678,101.92
40,12,4,1,161,13015.737,73.41
40,12,4,1,181,14085.843,49.10
40,12,4,1,201,16283.059,44.46
40,12,4,1,221,17077.082,37.83
40,12,4,1,241,17470.145,29.85
40,12,4,1,261,18368.363,25.06
40,12,4,1,281,17961.332,23.26
40,12,4,1,301,19249.796,17.98
40,12,5,1,1,17.061,1.06
40,12,5,1,21,20.651,22.49
40,12,5,1,41,35.773,42.05
40,12,5,1,61,57.829,61.39
40,12,5,1,81,60.360,80.56
40,12,5,1,101,449.157,99.17
40,12,5,1,121,575.735,119.56
40,12,5,1,141,2747.423,123.96
40,12,5,1,161,7185.202,107.26
40,12,5,1,181,15282.618,44.76
40,12,5,1,201,15823.791,41.96
40,12,5,1,221,17055.097,42.22
40,12,5,1,241,17454.078,28.12
40,12,5,1,261,18782.372,22.40
40,12,5,1,281,19248.659,20.49
40,12,5,1,301,18755.727,20.00
45,1,1,1,1,20.089,1.06
45,1,1,1,21,15.979,22.49
45,1,1,1,41,16.829,42.29
45,1,1,1,61,27.639,61.41
45,1,1,1,81,459.055,81.00
45,1,1,1,101,5349.911,74.87
45,1,1,1,121,8715.297,72.99
45,1,1,1,141,12782.454,60.70
45,1,1,1,161,14291.303,48.40
45,1,1,1,181,16948.082,37.05
45,1,1,1,201,16588.160,34.59
45,1,1,1,221,17987.552,27.72
45,1,1,1,241,17708.445,26.10
45,1,1,1,261,19128.534,24.53
45,1,1,1,281,18614.729,21.36
45,1,1,1,301,18425.038,19.56
45,1,2,1,1,19.406,1.07
45,1,2,1,21,15.725,22.50
45,1,2,1,41,16.842,42.28
45,1,2,1,61,29.836,61.35
45,1,2,1,81,530.587,78.56
45,1,2,1,101,3219.341,82.73
45,1,2,1,121,5306.009,95.97
45,1,2,1,141,9182.749,73.99
45,1,2,1,161,14942.669,44.93
45,1,2,1,181,15765.887,41.50
45,1,2,1,201,17086.081,34.86
45,1,2,1,221,17852.906,27.26
45,1,2,1,241,18074.664,28.92
45,1,2,1,261,18453.261,23.66
45,1,2,1,281,18841.219,19.43
45,1,2,1,301,18911.698,18.60
45,1,3,1,1,21.444,1.06
45,1,3,1,21,17.568,22.49
45,1,3,1,41,15.896,42.28
45,1,3,1,61,28.283,61.41
45,1,3,1,81,2674.455,71.00
45,1,3,1,101,5909.644,73.50
45,1,3,1,121,10015.162,65.85
45,1,3,1,141,12732.152,63.91
45,1,3,1,161,13881.654,52.95
45,1,3,1,181,15357.071,43.46
45,1,3,1,201,16968.198,32.36
45,1,3,1,221,18756.931,26.52
45,1,3,1,241,17565.899,26.46
45,1,3,1,261,18341.411,20.12
45,1,3,1,281,19429.585,17.86
45,1,3,1,301,19031.005,17.03
45,1,4,1,1,18.014,1.07
45,1,4,1,21,17.352,22.50
45,1,4,1,41,17.173,42.26
45,1,4,1,61,21.523,61.38
45,1,4,1,81,64.991,80.18
45,1,4,1,101,4727.185,81.21
45,1,4,1,121,7564.609,79.96
45,1,4,1,141,12521.060,64.03
45,1,4,1,161,14721.498,54.39
45,1,4,1,181,14825.501,50.82
45,1,4,1,201,16823.860,32.63
45,1,4,1,221,17394.934,34.48
45,1,4,1,241,18166.176,25.36
45,1,4,1,261,18260.871,20.79
45,1,4,1,281,18839.503,20.48
45,1,4,1,301,18548.787,19.97
45,1,5,1,1,19.616,1.07
45,1,5,1,21,17.782,22.49
45,1,5,1,41,26.378,42.27
45,1,5,1,61,30.797,61.40
45,1,5,1,81,659.123,80.37
45,1,5,1,101,798.248,98.39
45,1,5,1,121,7448.936,75.42
45,1,5,1,141,14255.858,60.53
45,1,5,1,161,13850.344,46.25
45,1,5,1,181,16927.933,38.74
45,1,5,1,201,17197.982,32.86
45,1,5,1,221,18170.167,27.88
45,1,5,1,241,18432.757,22.04
45,1,5,1,261,18492.571,20.36
45,1,5,1,281,19242.356,17.13
45,1,5,1,301,19140.366,16.20
45,12,1,1,1,23.284,1.06
45,12,1,1,21,16.994,22.46
45,12,1,1,41,16.083,42.28
45,12,1,1,61,16.683,61.41
45,12,1,1,81,18.236,81.58
45,12,1,1,101,20.539,100.83
45,12,1,1,121,109.055,120.59
45,12,1,1,141,2177.990,129.02
45,12,1,1,161,5469.695,125.64
45,12,1,1,181,6515.857,138.46
45,12,1,1,201,11172.596,98.62
45,12,1,1,221,12881.928,72.81
45,12,1,1,241,15807.310,52.86
45,12,1,1,261,16932.642,41.18
45,12,1,1,281,17863.194,34.83
45,12,1,1,301,18143.418,32.44
45,12,2,1,1,20.628,1.07
45,12,2,1,21,17.941,22.50
45,12,2,1,41,18.990,42.29
45,12,2,1,61,20.190,61.40
45,12,2,1,81,21.892,81.47
45,12,2,1,101,18.209,100.83
45,12,2,1,121,16.441,120.59
45,12,2,1,141,69.829,140.42
45,12,2,1,161,1768.196,144.01
45,12,2,1,181,6304.382,114.84
45,12,2,1,201,14872.920,62.46
45,12,2,1,221,14649.318,69.79
45,12,2,1,241,15867.041,45.63
45,12,2,1,261,16896.051,43.69
45,12,2,1,281,17720.003,35.66
45,12,2,1,301,17434.274,34.53
45,12,3,1,1,21.444,1.07
45,12,3,1,21,15.456,22.50
45,12,3,1,41,15.757,42.19
45,12,3,1,61,17.390,61.42
45,12,3,1,81,19.252,81.55
45,12,3,1,101,27.673,100.10
45,12,3,1,121,247.984,116.97
45,12,3,1,141,501.338,136.44
45,12,3,1,161,5417.559,120.10
45,12,3,1,181,13357.095,79.13
45,12,3,1,201,12358.161,70.07
45,12,3,1,221,15754.260,69.03
45,12,3,1,241,15124.700,58.73
45,12,3,1,261,16945.592,44.25
45,12,3,1,281,18143.559,39.76
45,12,3,1,301,17646.831,35.00
45,12,4,1,1,22.069,1.06
45,12,4,1,21,9.006,22.49
45,12,4,1,41,11.835,42.28
45,12,4,1,61,8.794,61.42
45,12,4,1,81,7.774,81.57
45,12,4,1,101,10.594,100.83
45,12,4,1,121,40.945,119.72
45,12,4,1,141,1314.746,134.96
45,12,4,1,161,1690.731,145.37
45,12,4,1,181,4159.681,148.63
45,12,4,1,201,7248.954,139.20
45,12,4,1,221,13026.900,101.82
45,12,4,1,241,12787.684,86.43
45,12,4,1,261,14257.999,78.42
45,12,4,1,281,16262.932,55.26
45,12,4,1,301,15758.704,56.12
45,12,5,1,1,22.136,1.07
45,12,5,1,21,17.101,22.49
45,12,5,1,41,17.570,42.29
45,12,5,1,61,16.898,61.42
45,12,5,1,81,18.117,81.58
45,12,5,1,101,18.860,100.63
45,12,5,1,121,92.943,119.65
45,12,5,1,141,747.173,130.15
45,12,5,1,161,5901.911,120.74
45,12,5,1,181,9989.631,105.00
45,12,5,1,201,14717.758,57.99
45,12,5,1,221,15056.406,67.30
45,12,5,1,241,16680.030,42.54
45,12,5,1,261,16431.453,43.93
45,12,5,1,281,18273.249,33.59
45,12,5,1,301,18809.877,28.56
50,1,1,1,1,11.632,1.06
50,1,1,1,21,9.872,22.46
50,1,1,1,41,6.522,42.29
50,1,1,1,61,10.445,61.39
50,1,1,1,81,11.960,81.55
50,1,1,1,101,18.617,100.83
50,1,1,1,121,122.410,120.56
50,1,1,1,141,2310.053,124.96
50,1,1,1,161,5879.608,114.73
50,1,1,1,181,12721.391,83.49
50,1,1,1,201,14188.873,62.26
50,1,1,1,221,15705.957,57.73
50,1,1,1,241,16583.440,44.62
50,1,1,1,261,16715.757,44.16
50,1,1,1,281,17661.642,33.59
50,1,1,1,301,18831.453,27.26
50,1,2,1,1,6.454,1.07
50,1,2,1,21,5.468,22.47
50,1,2,1,41,8.087,42.28
50,1,2,1,61,9.346,61.40
50,1,2,1,81,18.279,81.54
50,1,2,1,101,304.493,100.83
50,1,2,1,121,582.447,117.53
50,1,2,1,141,1451.468,130.46
50,1,2,1,161,5154.439,122.63
50,1,2,1,181,9365.143,107.45
50,1,2,1,201,14481.366,56.19
50,1,2,1,221,14881.559,61.53
50,1,2,1,241,16766.226,42.59
50,1,2,1,261,17420.813,40.68
50,1,2,1,281,17870.355,34.43
50,1,2,1,301,18195.075,25.80
50,1,3,1,1,20.153,1.07
50,1,3,1,21,6.528,22.50
50,1,3,1,41,5.995,42.27
50,1,3,1,61,7.632,61.42
50,1,3,1,81,12.056,81.57
50,1,3,1,101,66.460,100.83
50,1,3,1,121,531.855,116.18
50,1,3,1,141,3394.206,116.26
50,1,3,1,161,6477.215,113.06
50,1,3,1,181,11449.431,92.12
50,1,3,1,201,13984.590,61.26
50,1,3,1,221,15155.810,60.78
50,1,3,1,241,16238.609,42.33
50,1,3,1,261,17320.395,42.32
50,1,3,1,281,18173.845,34.54
50,1,3,1,301,18586.790,25.85
50,1,4,1,1,11.438,1.07
50,1,4,1,21,10.137,22.50
50,1,4,1,41,9.633,42.28
50,1,4,1,61,6.475,61.42
50,1,4,1,81,16.871,81.50
50,1,4,1,101,22.276,100.83
50,1,4,1,121,1034.908,110.79
50,1,4,1,141,5515.072,106.56
50,1,4,1,161,9027.928,94.50
50,1,4,1,181,13546.461,71.79
50,1,4,1,201,14457.487,62.62
50,1,4,1,221,17945.034,42.79
50,1,4,1,241,16793.185,45.83
50,1,4,1,261,17807.527,37.50
50,1,4,1,281,17826.937,35.86
50,1,4,1,301,18033.454,33.96
50,1,5,1,1,13.870,1.06
50,1,5,1,21,10.141,22.50
50,1,5,1,41,8.345,42.28
50,1,5,1,61,13.280,61.40
50,1,5,1,81,9.746,81.57
50,1,5,1,101,54.215,100.82
50,1,5,1,121,2309.057,106.12
50,1,5,1,141,5428.183,106.39
50,1,5,1,161,9623.738,96.80
50,1,5,1,181,14011.915,61.43
50,1,5,1,201,14392.380,61.24
50,1,5,1,221,15561.916,46.90
50,1,5,1,241,16707.543,42.79
50,1,5,1,261,18036.187,34.13
50,1,5,1,281,17361.928,32.50
50,1,5,1,301,18659.566,26.03
50,12,1,1,1,19.021,1.06
50,12,1,1,21,10.643,22.50
50,12,1,1,41,12.363,42.28
50,12,1,1,61,9.418,61.42
50,12,1,1,81,12.479,81.55
50,12,1,1,101,12.528,100.83
50,12,1,1,121,16.482,120.64
50,12,1,1,141,30.548,140.60
50,12,1,1,161,84.737,160.63
50,12,1,1,181,3337.827,152.19
50,12,1,1,201,6108.892,145.63
50,12,1,1,221,10331.907,128.38
50,12,1,1,241,13574.395,90.44
50,12,1,1,261,13337.551,88.10
50,12,1,1,281,15907.282,57.16
50,12,1,1,301,16273.331,57.86
50,12,2,1,1,13.818,1.07
50,12,2,1,21,15.676,22.50
50,12,2,1,41,11.172,42.28
50,12,2,1,61,11.656,61.38
50,12,2,1,81,13.808,81.56
50,12,2,1,101,21.404,100.83
50,12,2,1,121,118.579,120.59
50,12,2,1,141,218.828,140.57
50,12,2,1,161,150.700,155.55
50,12,2,1,181,1720.539,166.28
50,12,2,1,201,3209.592,173.80
50,12,2,1,221,6309.414,163.08
50,12,2,1,241,11062.338,129.84
50,12,2,1,261,13368.740,90.25
50,12,2,1,281,14478.053,81.86
50,12,2,1,301,16219.057,59.40
50,12,3,1,1,15.038,1.07
50,12,3,1,21,8.081,22.48
50,12,3,1,41,10.860,42.28
50,12,3,1,61,13.450,61.41
50,12,3,1,81,9.301,81.57
50,12,3,1,101,18.333,100.83
50,12,3,1,121,35.542,119.88
50,12,3,1,141,119.014,140.58
50,12,3,1,161,19.428,160.69
50,12,3,1,181,31.824,180.20
50,12,3,1,201,2082.309,182.54
50,12,3,1,221,4412.579,178.53
50,12,3,1,241,7113.122,166.78
50,12,3,1,261,13984.901,103.40
50,12,3,1,281,13888.318,88.04
50,12,3,1,301,16148.663,67.09
50,12,4,1,1,8.885,1.06
50,12,4,1,21,17.052,22.46
50,12,4,1,41,15.621,42.28
50,12,4,1,61,17.818,61.37
50,12,4,1,81,15.368,81.57
50,12,4,1,101,11.875,100.83
50,12,4,1,121,14.426,120.65
50,12,4,1,141,13.345,140.60
50,12,4,1,161,61.195,160.74
50,12,4,1,181,43.812,179.89
50,12,4,1,201,1851.038,184.15
50,12,4,1,221,6188.962,155.86
50,12,4,1,241,13066.872,106.71
50,12,4,1,261,14490.351,74.19
50,12,4,1,281,16605.406,67.23
50,12,4,1,301,16611.462,53.35
50,12,5,1,1,16.230,1.06
50,12,5,1,21,17.078,22.49
50,12,5,1,41,17.562,42.29
50,12,5,1,61,15.656,61.39
50,12,5,1,81,16.460,81.57
50,12,5,1,101,13.563,100.76
50,12,5,1,121,84.574,120.65
50,12,5,1,141,135.795,140.52
50,12,5,1,161,2202.647,148.47
50,12,5,1,181,3139.097,147.15
50,12,5,1,201,8013.920,133.17
50,12,5,1,221,10782.862,130.44
50,12,5,1,241,12938.670,109.80
50,12,5,1,261,13938.990,87.26
50,12,5,1,281,15165.212,80.94
50,12,5,1,301,16014.141,61.56
100,1,1,1,1,22.305,1.07
100,1,1,1,21,13.487,22.49
100,1,1,1,41,10.936,42.29
100,1,1,1,61,10.445,61.40
100,1,1,1,81,8.745,81.49
100,1,1,1,101,8.439,100.83
100,1,1,1,121,8.714,120.64
100,1,1,1,141,9.212,140.58
100,1,1,1,161,9.457,160.75
100,1,1,1,181,11.017,180.56
100,1,1,1,201,13.792,200.72
100,1,1,1,221,14.567,219.55
100,1,1,1,241,21.077,239.80
100,1,1,1,261,32.909,259.54
100,1,1,1,281,157.638,278.08
100,1,1,1,301,1601.133,274.90
100,1,2,1,1,20.618,1.06
100,1,2,1,21,13.593,22.49
100,1,2,1,41,9.414,42.28
100,1,2,1,61,10.634,61.40
100,1,2,1,81,8.592,81.56
100,1,2,1,101,9.349,100.83
100,1,2,1,121,8.612,120.63
100,1,2,1,141,9.531,140.59
100,1,2,1,161,10.265,160.71
100,1,2,1,181,12.127,180.56
100,1,2,1,201,13.261,200.73
100,1,2,1,221,16.487,219.58
100,1,2,1,241,26.366,239.82
100,1,2,1,261,44.648,259.55
100,1,2,1,281,718.534,269.37
100,1,2,1,301,1862.659,273.54
100,1,3,1,1,17.011,1.06
100,1,3,1,21,13.292,22.49
100,1,3,1,41,11.195,42.28
100,1,3,1,61,9.083,61.39
100,1,3,1,81,8.488,81.57
100,1,3,1,101,8.965,100.83
100,1,3,1,121,8.897,120.64
100,1,3,1,141,10.057,140.59
100,1,3,1,161,9.555,160.72
100,1,3,1,181,11.962,180.56
100,1,3,1,201,13.986,200.69
100,1,3,1,221,16.741,219.55
100,1,3,1,241,26.569,239.84
100,1,3,1,261,41.085,259.51
100,1,3,1,281,1247.429,265.90
100,1,3,1,301,2192.682,268.52
100,1,4,1,1,21.204,1.06
100,1,4,1,21,13.236,22.50
100,1,4,1,41,10.600,42.29
100,1,4,1,61,9.970,61.41
100,1,4,1,81,8.551,81.56
100,1,4,1,101,8.929,100.79
100,1,4,1,121,8.411,120.55
100,1,4,1,141,9.041,140.60
100,1,4,1,161,9.751,160.74
100,1,4,1,181,10.724,180.55
100,1,4,1,201,14.341,200.74
100,1,4,1,221,18.568,219.55
100,1,4,1,241,21.241,239.88
100,1,4,1,261,41.832,259.64
100,1,4,1,281,1046.661,267.23
100,1,4,1,301,2217.337,267.80
100,1,5,1,1,18.098,1.07
100,1,5,1,21,14.232,22.50
100,1,5,1,41,11.488,42.29
100,1,5,1,61,9.774,61.42
100,1,5,1,81,9.279,81.49
100,1,5,1,101,8.689,100.82
100,1,5,1,121,9.345,120.65
100,1,5,1,141,9.622,140.59
100,1,5,1,161,10.215,160.72
100,1,5,1,181,12.417,180.53
100,1,5,1,201,13.761,200.72
100,1,5,1,221,17.996,219.56
100,1,5,1,241,24.678,239.85
100,1,5,1,261,41.101,259.55
100,1,5,1,281,654.760,271.46
100,1,5,1,301,1864.311,271.79
100,12,1,1,1,20.375,1.07
100,12,1,1,21,15.028,22.49
100,12,1,1,41,12.594,42.29
100,12,1,1,61,11.659,61.41
100,12,1,1,81,11.524,81.55
100,12,1,1,101,10.621,100.83
100,12,1,1,121,10.133,120.63
100,12,1,1,141,11.796,140.53
100,12,1,1,161,10.019,160.73
100,12,1,1,181,10.940,180.54
100,12,1,1,201,14.282,200.65
100,12,1,1,221,15.782,219.55
100,12,1,1,241,25.557,239.86
100,12,1,1,261,36.888,259.47
100,12,1,1,281,796.170,269.59
100,12,1,1,301,2139.599,266.63
100,12,2,1,1,21.440,1.06
100,12,2,1,21,15.189,22.50
100,12,2,1,41,12.509,42.29
100,12,2,1,61,11.095,61.41
100,12,2,1,81,11.317,81.55
100,12,2,1,101,10.634,100.76
100,12,2,1,121,9.336,120.66
100,12,2,1,141,11.767,140.45
100,12,2,1,161,10.836,160.73
100,12,2,1,181,13.197,180.56
100,12,2,1,201,13.538,200.72
100,12,2,1,221,16.724,219.57
100,12,2,1,241,24.023,239.87
100,12,2,1,261,47.776,259.41
100,12,2,1,281,544.597,271.59
100,12,2,1,301,1910.373,274.91
100,12,3,1,1,21.772,1.06
100,12,3,1,21,15.373,22.50
100,12,3,1,41,13.995,42.29
100,12,3,1,61,12.459,61.41
100,12,3,1,81,11.204,81.55
100,12,3,1,101,10.441,100.79
100,12,3,1,121,9.938,120.64
100,12,3,1,141,10.437,140.57
100,12,3,1,161,10.824,160.73
100,12,3,1,181,11.275,180.52
100,12,3,1,201,14.480,200.72
100,12,3,1,221,15.004,219.57
100,12,3,1,241,23.570,239.89
100,12,3,1,261,44.785,259.51
100,12,3,1,281,717.712,269.17
100,12,3,1,301,2040.417,270.10
100,12,4,1,1,22.444,1.07
100,12,4,1,21,15.182,22.48
100,12,4,1,41,12.474,42.26
100,12,4,1,61,12.197,61.37
100,12,4,1,81,10.779,81.57
100,12,4,1,101,11.467,100.83
100,12,4,1,121,10.538,120.65
100,12,4,1,141,10.375,140.42
100,12,4,1,161,12.532,160.71
100,12,4,1,181,11.970,180.49
100,12,4,1,201,14.138,200.72
100,12,4,1,221,17.290,219.55
100,12,4,1,241,30.342,239.92
100,12,4,1,261,45.562,259.26
100,12,4,1,281,1051.103,267.60
100,12,4,1,301,1797.519,276.39
100,12,5,1,1,20.778,1.06
100,12,5,1,21,16.001,22.50
100,12,5,1,41,12.676,42.28
100,12,5,1,61,12.691,61.42
100,12,5,1,81,10.910,81.45
100,12,5,1,101,10.277,100.83
100,12,5,1,121,11.046,120.65
100,12,5,1,141,11.185,140.60
100,12,5,1,161,10.237,160.65
100,12,5,1,181,12.346,180.55
100,12,5,1,201,13.786,200.73
100,12,5,1,221,17.786,219.54
100,12,5,1,241,31.252,239.83
100,12,5,1,261,40.322,259.02
100,12,5,1,281,839.839,270.45
100,12,5,1,301,1943.440,271.62
