ts,qArr,instArr,startEx,endEx,flops,serv
4.000263,4.000000,4.000000,4.000000,4.000263,263000.000000,service1
7.000263,7.000000,7.000000,7.000000,7.000263,263000.000000,service1
10.000263,10.000000,10.000000,10.000000,10.000263,263000.000000,service1
13.000263,13.000000,13.000000,13.000000,13.000263,263000.000000,service1
16.000263,16.000000,16.000000,16.000000,16.000263,263000.000000,service1
19.000263,19.000000,19.000000,19.000000,19.000263,263000.000000,service1
22.000263,22.000000,22.000000,22.000000,22.000263,263000.000000,service1
25.000263,25.000000,25.000000,25.000000,25.000263,263000.000000,service1
28.000263,28.000000,28.000000,28.000000,28.000263,263000.000000,service1
31.000263,31.000000,31.000000,31.000000,31.000263,263000.000000,service1
34.000263,34.000000,34.000000,34.000000,34.000263,263000.000000,service1
37.000263,37.000000,37.000000,37.000000,37.000263,263000.000000,service1
40.000263,40.000000,40.000000,40.000000,40.000263,263000.000000,service1
43.000263,43.000000,43.000000,43.000000,43.000263,263000.000000,service1
46.000263,46.000000,46.000000,46.000000,46.000263,263000.000000,service1
49.000263,49.000000,49.000000,49.000000,49.000263,263000.000000,service1
52.000263,52.000000,52.000000,52.000000,52.000263,263000.000000,service1
55.000263,55.000000,55.000000,55.000000,55.000263,263000.000000,service1
58.000263,58.000000,58.000000,58.000000,58.000263,263000.000000,service1
61.000263,61.000000,61.000000,61.000000,61.000263,263000.000000,service1
64.000263,64.000000,64.000000,64.000000,64.000263,263000.000000,service1
67.000263,67.000000,67.000000,67.000000,67.000263,263000.000000,service1
70.000263,70.000000,70.000000,70.000000,70.000263,263000.000000,service1
73.000263,73.000000,73.000000,73.000000,73.000263,263000.000000,service1
76.000263,76.000000,76.000000,76.000000,76.000263,263000.000000,service1
79.000263,79.000000,79.000000,79.000000,79.000263,263000.000000,service1
82.000263,82.000000,82.000000,82.000000,82.000263,263000.000000,service1
85.000263,85.000000,85.000000,85.000000,85.000263,263000.000000,service1
88.000263,88.000000,88.000000,88.000000,88.000263,263000.000000,service1
91.000263,91.000000,91.000000,91.000000,91.000263,263000.000000,service1
94.000263,94.000000,94.000000,94.000000,94.000263,263000.000000,service1
97.000263,97.000000,97.000000,97.000000,97.000263,263000.000000,service1
100.000263,100.000000,100.000000,100.000000,100.000263,263000.000000,service1
103.000263,103.000000,103.000000,103.000000,103.000263,263000.000000,service1
106.000263,106.000000,106.000000,106.000000,106.000263,263000.000000,service1
109.000263,109.000000,109.000000,109.000000,109.000263,263000.000000,service1
112.000263,112.000000,112.000000,112.000000,112.000263,263000.000000,service1
115.000263,115.000000,115.000000,115.000000,115.000263,263000.000000,service1
118.000263,118.000000,118.000000,118.000000,118.000263,263000.000000,service1
121.000263,121.000000,121.000000,121.000000,121.000263,263000.000000,service1
124.000263,124.000000,124.000000,124.000000,124.000263,263000.000000,service1
127.000263,127.000000,127.000000,127.000000,127.000263,263000.000000,service1
130.000263,130.000000,130.000000,130.000000,130.000263,263000.000000,service1
133.000263,133.000000,133.000000,133.000000,133.000263,263000.000000,service1
136.000263,136.000000,136.000000,136.000000,136.000263,263000.000000,service1
139.000263,139.000000,139.000000,139.000000,139.000263,263000.000000,service1
142.000263,142.000000,142.000000,142.000000,142.000263,263000.000000,service1
145.000263,145.000000,145.000000,145.000000,145.000263,263000.000000,service1
148.000263,148.000000,148.000000,148.000000,148.000263,263000.000000,service1
151.000263,151.000000,151.000000,151.000000,151.000263,263000.000000,service1
154.000263,154.000000,154.000000,154.000000,154.000263,263000.000000,service1
157.000263,157.000000,157.000000,157.000000,157.000263,263000.000000,service1
160.000263,160.000000,160.000000,160.000000,160.000263,263000.000000,service1
163.000263,163.000000,163.000000,163.000000,163.000263,263000.000000,service1
166.000263,166.000000,166.000000,166.000000,166.000263,263000.000000,service1
169.000263,169.000000,169.000000,169.000000,169.000263,263000.000000,service1
172.000263,172.000000,172.000000,172.000000,172.000263,263000.000000,service1
175.000263,175.000000,175.000000,175.000000,175.000263,263000.000000,service1
178.000263,178.000000,178.000000,178.000000,178.000263,263000.000000,service1
181.000263,181.000000,181.000000,181.000000,181.000263,263000.000000,service1
184.000263,184.000000,184.000000,184.000000,184.000263,263000.000000,service1
187.000263,187.000000,187.000000,187.000000,187.000263,263000.000000,service1
190.000263,190.000000,190.000000,190.000000,190.000263,263000.000000,service1
193.000263,193.000000,193.000000,193.000000,193.000263,263000.000000,service1
196.000263,196.000000,196.000000,196.000000,196.000263,263000.000000,service1
199.000263,199.000000,199.000000,199.000000,199.000263,263000.000000,service1
202.000263,202.000000,202.000000,202.000000,202.000263,263000.000000,service1
205.000263,205.000000,205.000000,205.000000,205.000263,263000.000000,service1
208.000263,208.000000,208.000000,208.000000,208.000263,263000.000000,service1
211.000263,211.000000,211.000000,211.000000,211.000263,263000.000000,service1
214.000263,214.000000,214.000000,214.000000,214.000263,263000.000000,service1
217.000263,217.000000,217.000000,217.000000,217.000263,263000.000000,service1
220.000263,220.000000,220.000000,220.000000,220.000263,263000.000000,service1
223.000263,223.000000,223.000000,223.000000,223.000263,263000.000000,service1
226.000263,226.000000,226.000000,226.000000,226.000263,263000.000000,service1
229.000263,229.000000,229.000000,229.000000,229.000263,263000.000000,service1
232.000263,232.000000,232.000000,232.000000,232.000263,263000.000000,service1
235.000263,235.000000,235.000000,235.000000,235.000263,263000.000000,service1
238.000263,238.000000,238.000000,238.000000,238.000263,263000.000000,service1
241.000263,241.000000,241.000000,241.000000,241.000263,263000.000000,service1
244.000263,244.000000,244.000000,244.000000,244.000263,263000.000000,service1
247.000263,247.000000,247.000000,247.000000,247.000263,263000.000000,service1
250.000263,250.000000,250.000000,250.000000,250.000263,263000.000000,service1
253.000263,253.000000,253.000000,253.000000,253.000263,263000.000000,service1
256.000263,256.000000,256.000000,256.000000,256.000263,263000.000000,service1
259.000263,259.000000,259.000000,259.000000,259.000263,263000.000000,service1
262.000263,262.000000,262.000000,262.000000,262.000263,263000.000000,service1
265.000263,265.000000,265.000000,265.000000,265.000263,263000.000000,service1
268.000263,268.000000,268.000000,268.000000,268.000263,263000.000000,service1
271.000263,271.000000,271.000000,271.000000,271.000263,263000.000000,service1
274.000263,274.000000,274.000000,274.000000,274.000263,263000.000000,service1
277.000263,277.000000,277.000000,277.000000,277.000263,263000.000000,service1
280.000263,280.000000,280.000000,280.000000,280.000263,263000.000000,service1
283.000263,283.000000,283.000000,283.000000,283.000263,263000.000000,service1
286.000263,286.000000,286.000000,286.000000,286.000263,263000.000000,service1
289.000263,289.000000,289.000000,289.000000,289.000263,263000.000000,service1
292.000263,292.000000,292.000000,292.000000,292.000263,263000.000000,service1
295.000263,295.000000,295.000000,295.000000,295.000263,263000.000000,service1
298.000263,298.000000,298.000000,298.000000,298.000263,263000.000000,service1
4.003618,4.000000,4.000000,4.000000,4.003618,3618000.000000,service1
7.003618,7.000000,7.000000,7.000000,7.003618,3618000.000000,service1
10.003618,10.000000,10.000000,10.000000,10.003618,3618000.000000,service1
13.003618,13.000000,13.000000,13.000000,13.003618,3618000.000000,service1
16.003618,16.000000,16.000000,16.000000,16.003618,3618000.000000,service1
19.003618,19.000000,19.000000,19.000000,19.003618,3618000.000000,service1
22.003618,22.000000,22.000000,22.000000,22.003618,3618000.000000,service1
25.003618,25.000000,25.000000,25.000000,25.003618,3618000.000000,service1
28.003618,28.000000,28.000000,28.000000,28.003618,3618000.000000,service1
31.003618,31.000000,31.000000,31.000000,31.003618,3618000.000000,service1
34.003618,34.000000,34.000000,34.000000,34.003618,3618000.000000,service1
37.003618,37.000000,37.000000,37.000000,37.003618,3618000.000000,service1
40.003618,40.000000,40.000000,40.000000,40.003618,3618000.000000,service1
43.003618,43.000000,43.000000,43.000000,43.003618,3618000.000000,service1
46.003618,46.000000,46.000000,46.000000,46.003618,3618000.000000,service1
49.003618,49.000000,49.000000,49.000000,49.003618,3618000.000000,service1
52.003618,52.000000,52.000000,52.000000,52.003618,3618000.000000,service1
55.003618,55.000000,55.000000,55.000000,55.003618,3618000.000000,service1
58.003618,58.000000,58.000000,58.000000,58.003618,3618000.000000,service1
61.003618,61.000000,61.000000,61.000000,61.003618,3618000.000000,service1
64.003618,64.000000,64.000000,64.000000,64.003618,3618000.000000,service1
67.003618,67.000000,67.000000,67.000000,67.003618,3618000.000000,service1
70.003618,70.000000,70.000000,70.000000,70.003618,3618000.000000,service1
73.003618,73.000000,73.000000,73.000000,73.003618,3618000.000000,service1
76.003618,76.000000,76.000000,76.000000,76.003618,3618000.000000,service1
79.003618,79.000000,79.000000,79.000000,79.003618,3618000.000000,service1
82.003618,82.000000,82.000000,82.000000,82.003618,3618000.000000,service1
85.003618,85.000000,85.000000,85.000000,85.003618,3618000.000000,service1
88.003618,88.000000,88.000000,88.000000,88.003618,3618000.000000,service1
91.003618,91.000000,91.000000,91.000000,91.003618,3618000.000000,service1
94.003618,94.000000,94.000000,94.000000,94.003618,3618000.000000,service1
97.003618,97.000000,97.000000,97.000000,97.003618,3618000.000000,service1
100.003618,100.000000,100.000000,100.000000,100.003618,3618000.000000,service1
103.003618,103.000000,103.000000,103.000000,103.003618,3618000.000000,service1
106.003618,106.000000,106.000000,106.000000,106.003618,3618000.000000,service1
109.003618,109.000000,109.000000,109.000000,109.003618,3618000.000000,service1
112.003618,112.000000,112.000000,112.000000,112.003618,3618000.000000,service1
115.003618,115.000000,115.000000,115.000000,115.003618,3618000.000000,service1
118.003618,118.000000,118.000000,118.000000,118.003618,3618000.000000,service1
121.003618,121.000000,121.000000,121.000000,121.003618,3618000.000000,service1
124.003618,124.000000,124.000000,124.000000,124.003618,3618000.000000,service1
127.003618,127.000000,127.000000,127.000000,127.003618,3618000.000000,service1
130.003618,130.000000,130.000000,130.000000,130.003618,3618000.000000,service1
133.003618,133.000000,133.000000,133.000000,133.003618,3618000.000000,service1
136.003618,136.000000,136.000000,136.000000,136.003618,3618000.000000,service1
139.003618,139.000000,139.000000,139.000000,139.003618,3618000.000000,service1
142.003618,142.000000,142.000000,142.000000,142.003618,3618000.000000,service1
145.003618,145.000000,145.000000,145.000000,145.003618,3618000.000000,service1
148.003618,148.000000,148.000000,148.000000,148.003618,3618000.000000,service1
151.003618,151.000000,151.000000,151.000000,151.003618,3618000.000000,service1
154.003618,154.000000,154.000000,154.000000,154.003618,3618000.000000,service1
157.003618,157.000000,157.000000,157.000000,157.003618,3618000.000000,service1
160.003618,160.000000,160.000000,160.000000,160.003618,3618000.000000,service1
163.003618,163.000000,163.000000,163.000000,163.003618,3618000.000000,service1
166.003618,166.000000,166.000000,166.000000,166.003618,3618000.000000,service1
169.003618,169.000000,169.000000,169.000000,169.003618,3618000.000000,service1
172.003618,172.000000,172.000000,172.000000,172.003618,3618000.000000,service1
175.003618,175.000000,175.000000,175.000000,175.003618,3618000.000000,service1
178.003618,178.000000,178.000000,178.000000,178.003618,3618000.000000,service1
181.003618,181.000000,181.000000,181.000000,181.003618,3618000.000000,service1
184.003618,184.000000,184.000000,184.000000,184.003618,3618000.000000,service1
187.003618,187.000000,187.000000,187.000000,187.003618,3618000.000000,service1
190.003618,190.000000,190.000000,190.000000,190.003618,3618000.000000,service1
193.003618,193.000000,193.000000,193.000000,193.003618,3618000.000000,service1
196.003618,196.000000,196.000000,196.000000,196.003618,3618000.000000,service1
199.003618,199.000000,199.000000,199.000000,199.003618,3618000.000000,service1
202.003618,202.000000,202.000000,202.000000,202.003618,3618000.000000,service1
205.003618,205.000000,205.000000,205.000000,205.003618,3618000.000000,service1
208.003618,208.000000,208.000000,208.000000,208.003618,3618000.000000,service1
211.003618,211.000000,211.000000,211.000000,211.003618,3618000.000000,service1
214.003618,214.000000,214.000000,214.000000,214.003618,3618000.000000,service1
217.003618,217.000000,217.000000,217.000000,217.003618,3618000.000000,service1
220.003618,220.000000,220.000000,220.000000,220.003618,3618000.000000,service1
223.003618,223.000000,223.000000,223.000000,223.003618,3618000.000000,service1
226.003618,226.000000,226.000000,226.000000,226.003618,3618000.000000,service1
229.003618,229.000000,229.000000,229.000000,229.003618,3618000.000000,service1
232.003618,232.000000,232.000000,232.000000,232.003618,3618000.000000,service1
235.003618,235.000000,235.000000,235.000000,235.003618,3618000.000000,service1
238.003618,238.000000,238.000000,238.000000,238.003618,3618000.000000,service1
241.003618,241.000000,241.000000,241.000000,241.003618,3618000.000000,service1
244.003618,244.000000,244.000000,244.000000,244.003618,3618000.000000,service1
247.003618,247.000000,247.000000,247.000000,247.003618,3618000.000000,service1
250.003618,250.000000,250.000000,250.000000,250.003618,3618000.000000,service1
253.003618,253.000000,253.000000,253.000000,253.003618,3618000.000000,service1
256.003618,256.000000,256.000000,256.000000,256.003618,3618000.000000,service1
259.003618,259.000000,259.000000,259.000000,259.003618,3618000.000000,service1
262.003618,262.000000,262.000000,262.000000,262.003618,3618000.000000,service1
265.003618,265.000000,265.000000,265.000000,265.003618,3618000.000000,service1
268.003618,268.000000,268.000000,268.000000,268.003618,3618000.000000,service1
271.003618,271.000000,271.000000,271.000000,271.003618,3618000.000000,service1
274.003618,274.000000,274.000000,274.000000,274.003618,3618000.000000,service1
277.003618,277.000000,277.000000,277.000000,277.003618,3618000.000000,service1
280.003618,280.000000,280.000000,280.000000,280.003618,3618000.000000,service1
283.003618,283.000000,283.000000,283.000000,283.003618,3618000.000000,service1
286.003618,286.000000,286.000000,286.000000,286.003618,3618000.000000,service1
289.003618,289.000000,289.000000,289.000000,289.003618,3618000.000000,service1
292.003618,292.000000,292.000000,292.000000,292.003618,3618000.000000,service1
295.003618,295.000000,295.000000,295.000000,295.003618,3618000.000000,service1
298.003618,298.000000,298.000000,298.000000,298.003618,3618000.000000,service1
4.006973,4.000000,4.000000,4.000000,4.006973,6973000.000000,service1
7.006973,7.000000,7.000000,7.000000,7.006973,6973000.000000,service1
10.006973,10.000000,10.000000,10.000000,10.006973,6973000.000000,service1
13.006973,13.000000,13.000000,13.000000,13.006973,6973000.000000,service1
16.006973,16.000000,16.000000,16.000000,16.006973,6973000.000000,service1
19.006973,19.000000,19.000000,19.000000,19.006973,6973000.000000,service1
22.006973,22.000000,22.000000,22.000000,22.006973,6973000.000000,service1
25.006973,25.000000,25.000000,25.000000,25.006973,6973000.000000,service1
28.006973,28.000000,28.000000,28.000000,28.006973,6973000.000000,service1
31.006973,31.000000,31.000000,31.000000,31.006973,6973000.000000,service1
34.006973,34.000000,34.000000,34.000000,34.006973,6973000.000000,service1
37.006973,37.000000,37.000000,37.000000,37.006973,6973000.000000,service1
40.006973,40.000000,40.000000,40.000000,40.006973,6973000.000000,service1
43.006973,43.000000,43.000000,43.000000,43.006973,6973000.000000,service1
46.006973,46.000000,46.000000,46.000000,46.006973,6973000.000000,service1
49.006973,49.000000,49.000000,49.000000,49.006973,6973000.000000,service1
52.006973,52.000000,52.000000,52.000000,52.006973,6973000.000000,service1
55.006973,55.000000,55.000000,55.000000,55.006973,6973000.000000,service1
58.006973,58.000000,58.000000,58.000000,58.006973,6973000.000000,service1
61.006973,61.000000,61.000000,61.000000,61.006973,6973000.000000,service1
64.006973,64.000000,64.000000,64.000000,64.006973,6973000.000000,service1
67.006973,67.000000,67.000000,67.000000,67.006973,6973000.000000,service1
70.006973,70.000000,70.000000,70.000000,70.006973,6973000.000000,service1
73.006973,73.000000,73.000000,73.000000,73.006973,6973000.000000,service1
76.006973,76.000000,76.000000,76.000000,76.006973,6973000.000000,service1
79.006973,79.000000,79.000000,79.000000,79.006973,6973000.000000,service1
82.006973,82.000000,82.000000,82.000000,82.006973,6973000.000000,service1
85.006973,85.000000,85.000000,85.000000,85.006973,6973000.000000,service1
88.006973,88.000000,88.000000,88.000000,88.006973,6973000.000000,service1
91.006973,91.000000,91.000000,91.000000,91.006973,6973000.000000,service1
94.006973,94.000000,94.000000,94.000000,94.006973,6973000.000000,service1
97.006973,97.000000,97.000000,97.000000,97.006973,6973000.000000,service1
100.006973,100.000000,100.000000,100.000000,100.006973,6973000.000000,service1
103.006973,103.000000,103.000000,103.000000,103.006973,6973000.000000,service1
106.006973,106.000000,106.000000,106.000000,106.006973,6973000.000000,service1
109.006973,109.000000,109.000000,109.000000,109.006973,6973000.000000,service1
112.006973,112.000000,112.000000,112.000000,112.006973,6973000.000000,service1
115.006973,115.000000,115.000000,115.000000,115.006973,6973000.000000,service1
118.006973,118.000000,118.000000,118.000000,118.006973,6973000.000000,service1
121.006973,121.000000,121.000000,121.000000,121.006973,6973000.000000,service1
124.006973,124.000000,124.000000,124.000000,124.006973,6973000.000000,service1
127.006973,127.000000,127.000000,127.000000,127.006973,6973000.000000,service1
130.006973,130.000000,130.000000,130.000000,130.006973,6973000.000000,service1
133.006973,133.000000,133.000000,133.000000,133.006973,6973000.000000,service1
136.006973,136.000000,136.000000,136.000000,136.006973,6973000.000000,service1
139.006973,139.000000,139.000000,139.000000,139.006973,6973000.000000,service1
142.006973,142.000000,142.000000,142.000000,142.006973,6973000.000000,service1
145.006973,145.000000,145.000000,145.000000,145.006973,6973000.000000,service1
148.006973,148.000000,148.000000,148.000000,148.006973,6973000.000000,service1
151.006973,151.000000,151.000000,151.000000,151.006973,6973000.000000,service1
154.006973,154.000000,154.000000,154.000000,154.006973,6973000.000000,service1
157.006973,157.000000,157.000000,157.000000,157.006973,6973000.000000,service1
160.006973,160.000000,160.000000,160.000000,160.006973,6973000.000000,service1
163.006973,163.000000,163.000000,163.000000,163.006973,6973000.000000,service1
166.006973,166.000000,166.000000,166.000000,166.006973,6973000.000000,service1
169.006973,169.000000,169.000000,169.000000,169.006973,6973000.000000,service1
172.006973,172.000000,172.000000,172.000000,172.006973,6973000.000000,service1
175.006973,175.000000,175.000000,175.000000,175.006973,6973000.000000,service1
178.006973,178.000000,178.000000,178.000000,178.006973,6973000.000000,service1
181.006973,181.000000,181.000000,181.000000,181.006973,6973000.000000,service1
184.006973,184.000000,184.000000,184.000000,184.006973,6973000.000000,service1
187.006973,187.000000,187.000000,187.000000,187.006973,6973000.000000,service1
190.006973,190.000000,190.000000,190.000000,190.006973,6973000.000000,service1
193.006973,193.000000,193.000000,193.000000,193.006973,6973000.000000,service1
196.006973,196.000000,196.000000,196.000000,196.006973,6973000.000000,service1
199.006973,199.000000,199.000000,199.000000,199.006973,6973000.000000,service1
202.006973,202.000000,202.000000,202.000000,202.006973,6973000.000000,service1
205.006973,205.000000,205.000000,205.000000,205.006973,6973000.000000,service1
208.006973,208.000000,208.000000,208.000000,208.006973,6973000.000000,service1
211.006973,211.000000,211.000000,211.000000,211.006973,6973000.000000,service1
214.006973,214.000000,214.000000,214.000000,214.006973,6973000.000000,service1
217.006973,217.000000,217.000000,217.000000,217.006973,6973000.000000,service1
220.006973,220.000000,220.000000,220.000000,220.006973,6973000.000000,service1
223.006973,223.000000,223.000000,223.000000,223.006973,6973000.000000,service1
226.006973,226.000000,226.000000,226.000000,226.006973,6973000.000000,service1
229.006973,229.000000,229.000000,229.000000,229.006973,6973000.000000,service1
232.006973,232.000000,232.000000,232.000000,232.006973,6973000.000000,service1
235.006973,235.000000,235.000000,235.000000,235.006973,6973000.000000,service1
238.006973,238.000000,238.000000,238.000000,238.006973,6973000.000000,service1
241.006973,241.000000,241.000000,241.000000,241.006973,6973000.000000,service1
244.006973,244.000000,244.000000,244.000000,244.006973,6973000.000000,service1
247.006973,247.000000,247.000000,247.000000,247.006973,6973000.000000,service1
250.006973,250.000000,250.000000,250.000000,250.006973,6973000.000000,service1
253.006973,253.000000,253.000000,253.000000,253.006973,6973000.000000,service1
256.006973,256.000000,256.000000,256.000000,256.006973,6973000.000000,service1
259.006973,259.000000,259.000000,259.000000,259.006973,6973000.000000,service1
262.006973,262.000000,262.000000,262.000000,262.006973,6973000.000000,service1
265.006973,265.000000,265.000000,265.000000,265.006973,6973000.000000,service1
268.006973,268.000000,268.000000,268.000000,268.006973,6973000.000000,service1
271.006973,271.000000,271.000000,271.000000,271.006973,6973000.000000,service1
274.006973,274.000000,274.000000,274.000000,274.006973,6973000.000000,service1
277.006973,277.000000,277.000000,277.000000,277.006973,6973000.000000,service1
280.006973,280.000000,280.000000,280.000000,280.006973,6973000.000000,service1
283.006973,283.000000,283.000000,283.000000,283.006973,6973000.000000,service1
286.006973,286.000000,286.000000,286.000000,286.006973,6973000.000000,service1
289.006973,289.000000,289.000000,289.000000,289.006973,6973000.000000,service1
292.006973,292.000000,292.000000,292.000000,292.006973,6973000.000000,service1
295.006973,295.000000,295.000000,295.000000,295.006973,6973000.000000,service1
298.006973,298.000000,298.000000,298.000000,298.006973,6973000.000000,service1
4.010328,4.000000,4.000000,4.000000,4.010328,10328000.000000,service1
7.010328,7.000000,7.000000,7.000000,7.010328,10328000.000000,service1
10.010328,10.000000,10.000000,10.000000,10.010328,10328000.000000,service1
13.010328,13.000000,13.000000,13.000000,13.010328,10328000.000000,service1
16.010328,16.000000,16.000000,16.000000,16.010328,10328000.000000,service1
19.010328,19.000000,19.000000,19.000000,19.010328,10328000.000000,service1
22.010328,22.000000,22.000000,22.000000,22.010328,10328000.000000,service1
25.010328,25.000000,25.000000,25.000000,25.010328,10328000.000000,service1
28.010328,28.000000,28.000000,28.000000,28.010328,10328000.000000,service1
31.010328,31.000000,31.000000,31.000000,31.010328,10328000.000000,service1
34.010328,34.000000,34.000000,34.000000,34.010328,10328000.000000,service1
37.010328,37.000000,37.000000,37.000000,37.010328,10328000.000000,service1
40.010328,40.000000,40.000000,40.000000,40.010328,10328000.000000,service1
43.010328,43.000000,43.000000,43.000000,43.010328,10328000.000000,service1
46.010328,46.000000,46.000000,46.000000,46.010328,10328000.000000,service1
49.010328,49.000000,49.000000,49.000000,49.010328,10328000.000000,service1
52.010328,52.000000,52.000000,52.000000,52.010328,10328000.000000,service1
55.010328,55.000000,55.000000,55.000000,55.010328,10328000.000000,service1
58.010328,58.000000,58.000000,58.000000,58.010328,10328000.000000,service1
61.010328,61.000000,61.000000,61.000000,61.010328,10328000.000000,service1
64.010328,64.000000,64.000000,64.000000,64.010328,10328000.000000,service1
67.010328,67.000000,67.000000,67.000000,67.010328,10328000.000000,service1
70.010328,70.000000,70.000000,70.000000,70.010328,10328000.000000,service1
73.010328,73.000000,73.000000,73.000000,73.010328,10328000.000000,service1
76.010328,76.000000,76.000000,76.000000,76.010328,10328000.000000,service1
79.010328,79.000000,79.000000,79.000000,79.010328,10328000.000000,service1
82.010328,82.000000,82.000000,82.000000,82.010328,10328000.000000,service1
85.010328,85.000000,85.000000,85.000000,85.010328,10328000.000000,service1
88.010328,88.000000,88.000000,88.000000,88.010328,10328000.000000,service1
91.010328,91.000000,91.000000,91.000000,91.010328,10328000.000000,service1
94.010328,94.000000,94.000000,94.000000,94.010328,10328000.000000,service1
97.010328,97.000000,97.000000,97.000000,97.010328,10328000.000000,service1
100.010328,100.000000,100.000000,100.000000,100.010328,10328000.000000,service1
103.010328,103.000000,103.000000,103.000000,103.010328,10328000.000000,service1
106.010328,106.000000,106.000000,106.000000,106.010328,10328000.000000,service1
109.010328,109.000000,109.000000,109.000000,109.010328,10328000.000000,service1
112.010328,112.000000,112.000000,112.000000,112.010328,10328000.000000,service1
115.010328,115.000000,115.000000,115.000000,115.010328,10328000.000000,service1
118.010328,118.000000,118.000000,118.000000,118.010328,10328000.000000,service1
121.010328,121.000000,121.000000,121.000000,121.010328,10328000.000000,service1
124.010328,124.000000,124.000000,124.000000,124.010328,10328000.000000,service1
127.010328,127.000000,127.000000,127.000000,127.010328,10328000.000000,service1
130.010328,130.000000,130.000000,130.000000,130.010328,10328000.000000,service1
133.010328,133.000000,133.000000,133.000000,133.010328,10328000.000000,service1
136.010328,136.000000,136.000000,136.000000,136.010328,10328000.000000,service1
139.010328,139.000000,139.000000,139.000000,139.010328,10328000.000000,service1
142.010328,142.000000,142.000000,142.000000,142.010328,10328000.000000,service1
145.010328,145.000000,145.000000,145.000000,145.010328,10328000.000000,service1
148.010328,148.000000,148.000000,148.000000,148.010328,10328000.000000,service1
151.010328,151.000000,151.000000,151.000000,151.010328,10328000.000000,service1
154.010328,154.000000,154.000000,154.000000,154.010328,10328000.000000,service1
157.010328,157.000000,157.000000,157.000000,157.010328,10328000.000000,service1
160.010328,160.000000,160.000000,160.000000,160.010328,10328000.000000,service1
163.010328,163.000000,163.000000,163.000000,163.010328,10328000.000000,service1
166.010328,166.000000,166.000000,166.000000,166.010328,10328000.000000,service1
169.010328,169.000000,169.000000,169.000000,169.010328,10328000.000000,service1
172.010328,172.000000,172.000000,172.000000,172.010328,10328000.000000,service1
175.010328,175.000000,175.000000,175.000000,175.010328,10328000.000000,service1
178.010328,178.000000,178.000000,178.000000,178.010328,10328000.000000,service1
181.010328,181.000000,181.000000,181.000000,181.010328,10328000.000000,service1
184.010328,184.000000,184.000000,184.000000,184.010328,10328000.000000,service1
187.010328,187.000000,187.000000,187.000000,187.010328,10328000.000000,service1
190.010328,190.000000,190.000000,190.000000,190.010328,10328000.000000,service1
193.010328,193.000000,193.000000,193.000000,193.010328,10328000.000000,service1
196.010328,196.000000,196.000000,196.000000,196.010328,10328000.000000,service1
199.010328,199.000000,199.000000,199.000000,199.010328,10328000.000000,service1
202.010328,202.000000,202.000000,202.000000,202.010328,10328000.000000,service1
205.010328,205.000000,205.000000,205.000000,205.010328,10328000.000000,service1
208.010328,208.000000,208.000000,208.000000,208.010328,10328000.000000,service1
211.010328,211.000000,211.000000,211.000000,211.010328,10328000.000000,service1
214.010328,214.000000,214.000000,214.000000,214.010328,10328000.000000,service1
217.010328,217.000000,217.000000,217.000000,217.010328,10328000.000000,service1
220.010328,220.000000,220.000000,220.000000,220.010328,10328000.000000,service1
223.010328,223.000000,223.000000,223.000000,223.010328,10328000.000000,service1
226.010328,226.000000,226.000000,226.000000,226.010328,10328000.000000,service1
229.010328,229.000000,229.000000,229.000000,229.010328,10328000.000000,service1
232.010328,232.000000,232.000000,232.000000,232.010328,10328000.000000,service1
235.010328,235.000000,235.000000,235.000000,235.010328,10328000.000000,service1
238.010328,238.000000,238.000000,238.000000,238.010328,10328000.000000,service1
241.010328,241.000000,241.000000,241.000000,241.010328,10328000.000000,service1
244.010328,244.000000,244.000000,244.000000,244.010328,10328000.000000,service1
247.010328,247.000000,247.000000,247.000000,247.010328,10328000.000000,service1
250.010328,250.000000,250.000000,250.000000,250.010328,10328000.000000,service1
253.010328,253.000000,253.000000,253.000000,253.010328,10328000.000000,service1
256.010328,256.000000,256.000000,256.000000,256.010328,10328000.000000,service1
259.010328,259.000000,259.000000,259.000000,259.010328,10328000.000000,service1
262.010328,262.000000,262.000000,262.000000,262.010328,10328000.000000,service1
265.010328,265.000000,265.000000,265.000000,265.010328,10328000.000000,service1
268.010328,268.000000,268.000000,268.000000,268.010328,10328000.000000,service1
271.010328,271.000000,271.000000,271.000000,271.010328,10328000.000000,service1
274.010328,274.000000,274.000000,274.000000,274.010328,10328000.000000,service1
277.010328,277.000000,277.000000,277.000000,277.010328,10328000.000000,service1
280.010328,280.000000,280.000000,280.000000,280.010328,10328000.000000,service1
283.010328,283.000000,283.000000,283.000000,283.010328,10328000.000000,service1
286.010328,286.000000,286.000000,286.000000,286.010328,10328000.000000,service1
289.010328,289.000000,289.000000,289.000000,289.010328,10328000.000000,service1
292.010328,292.000000,292.000000,292.000000,292.010328,10328000.000000,service1
295.010328,295.000000,295.000000,295.000000,295.010328,10328000.000000,service1
298.010328,298.000000,298.000000,298.000000,298.010328,10328000.000000,service1
4.013683,4.000000,4.000000,4.000000,4.013683,13683000.000000,service1
7.013683,7.000000,7.000000,7.000000,7.013683,13683000.000000,service1
10.013683,10.000000,10.000000,10.000000,10.013683,13683000.000000,service1
13.013683,13.000000,13.000000,13.000000,13.013683,13683000.000000,service1
16.013683,16.000000,16.000000,16.000000,16.013683,13683000.000000,service1
19.013683,19.000000,19.000000,19.000000,19.013683,13683000.000000,service1
22.013683,22.000000,22.000000,22.000000,22.013683,13683000.000000,service1
25.013683,25.000000,25.000000,25.000000,25.013683,13683000.000000,service1
28.013683,28.000000,28.000000,28.000000,28.013683,13683000.000000,service1
31.013683,31.000000,31.000000,31.000000,31.013683,13683000.000000,service1
34.013683,34.000000,34.000000,34.000000,34.013683,13683000.000000,service1
37.013683,37.000000,37.000000,37.000000,37.013683,13683000.000000,service1
40.013683,40.000000,40.000000,40.000000,40.013683,13683000.000000,service1
43.013683,43.000000,43.000000,43.000000,43.013683,13683000.000000,service1
46.013683,46.000000,46.000000,46.000000,46.013683,13683000.000000,service1
49.013683,49.000000,49.000000,49.000000,49.013683,13683000.000000,service1
52.013683,52.000000,52.000000,52.000000,52.013683,13683000.000000,service1
55.013683,55.000000,55.000000,55.000000,55.013683,13683000.000000,service1
58.013683,58.000000,58.000000,58.000000,58.013683,13683000.000000,service1
61.013683,61.000000,61.000000,61.000000,61.013683,13683000.000000,service1
64.013683,64.000000,64.000000,64.000000,64.013683,13683000.000000,service1
67.013683,67.000000,67.000000,67.000000,67.013683,13683000.000000,service1
70.013683,70.000000,70.000000,70.000000,70.013683,13683000.000000,service1
73.013683,73.000000,73.000000,73.000000,73.013683,13683000.000000,service1
76.013683,76.000000,76.000000,76.000000,76.013683,13683000.000000,service1
79.013683,79.000000,79.000000,79.000000,79.013683,13683000.000000,service1
82.013683,82.000000,82.000000,82.000000,82.013683,13683000.000000,service1
85.013683,85.000000,85.000000,85.000000,85.013683,13683000.000000,service1
88.013683,88.000000,88.000000,88.000000,88.013683,13683000.000000,service1
91.013683,91.000000,91.000000,91.000000,91.013683,13683000.000000,service1
94.013683,94.000000,94.000000,94.000000,94.013683,13683000.000000,service1
97.013683,97.000000,97.000000,97.000000,97.013683,13683000.000000,service1
100.013683,100.000000,100.000000,100.000000,100.013683,13683000.000000,service1
103.013683,103.000000,103.000000,103.000000,103.013683,13683000.000000,service1
106.013683,106.000000,106.000000,106.000000,106.013683,13683000.000000,service1
109.013683,109.000000,109.000000,109.000000,109.013683,13683000.000000,service1
112.013683,112.000000,112.000000,112.000000,112.013683,13683000.000000,service1
115.013683,115.000000,115.000000,115.000000,115.013683,13683000.000000,service1
118.013683,118.000000,118.000000,118.000000,118.013683,13683000.000000,service1
121.013683,121.000000,121.000000,121.000000,121.013683,13683000.000000,service1
124.013683,124.000000,124.000000,124.000000,124.013683,13683000.000000,service1
127.013683,127.000000,127.000000,127.000000,127.013683,13683000.000000,service1
130.013683,130.000000,130.000000,130.000000,130.013683,13683000.000000,service1
133.013683,133.000000,133.000000,133.000000,133.013683,13683000.000000,service1
136.013683,136.000000,136.000000,136.000000,136.013683,13683000.000000,service1
139.013683,139.000000,139.000000,139.000000,139.013683,13683000.000000,service1
142.013683,142.000000,142.000000,142.000000,142.013683,13683000.000000,service1
145.013683,145.000000,145.000000,145.000000,145.013683,13683000.000000,service1
148.013683,148.000000,148.000000,148.000000,148.013683,13683000.000000,service1
151.013683,151.000000,151.000000,151.000000,151.013683,13683000.000000,service1
154.013683,154.000000,154.000000,154.000000,154.013683,13683000.000000,service1
157.013683,157.000000,157.000000,157.000000,157.013683,13683000.000000,service1
160.013683,160.000000,160.000000,160.000000,160.013683,13683000.000000,service1
163.013683,163.000000,163.000000,163.000000,163.013683,13683000.000000,service1
166.013683,166.000000,166.000000,166.000000,166.013683,13683000.000000,service1
169.013683,169.000000,169.000000,169.000000,169.013683,13683000.000000,service1
172.013683,172.000000,172.000000,172.000000,172.013683,13683000.000000,service1
175.013683,175.000000,175.000000,175.000000,175.013683,13683000.000000,service1
178.013683,178.000000,178.000000,178.000000,178.013683,13683000.000000,service1
181.013683,181.000000,181.000000,181.000000,181.013683,13683000.000000,service1
184.013683,184.000000,184.000000,184.000000,184.013683,13683000.000000,service1
187.013683,187.000000,187.000000,187.000000,187.013683,13683000.000000,service1
190.013683,190.000000,190.000000,190.000000,190.013683,13683000.000000,service1
193.013683,193.000000,193.000000,193.000000,193.013683,13683000.000000,service1
196.013683,196.000000,196.000000,196.000000,196.013683,13683000.000000,service1
199.013683,199.000000,199.000000,199.000000,199.013683,13683000.000000,service1
202.013683,202.000000,202.000000,202.000000,202.013683,13683000.000000,service1
205.013683,205.000000,205.000000,205.000000,205.013683,13683000.000000,service1
208.013683,208.000000,208.000000,208.000000,208.013683,13683000.000000,service1
211.013683,211.000000,211.000000,211.000000,211.013683,13683000.000000,service1
214.013683,214.000000,214.000000,214.000000,214.013683,13683000.000000,service1
217.013683,217.000000,217.000000,217.000000,217.013683,13683000.000000,service1
220.013683,220.000000,220.000000,220.000000,220.013683,13683000.000000,service1
223.013683,223.000000,223.000000,223.000000,223.013683,13683000.000000,service1
226.013683,226.000000,226.000000,226.000000,226.013683,13683000.000000,service1
229.013683,229.000000,229.000000,229.000000,229.013683,13683000.000000,service1
232.013683,232.000000,232.000000,232.000000,232.013683,13683000.000000,service1
235.013683,235.000000,235.000000,235.000000,235.013683,13683000.000000,service1
238.013683,238.000000,238.000000,238.000000,238.013683,13683000.000000,service1
241.013683,241.000000,241.000000,241.000000,241.013683,13683000.000000,service1
244.013683,244.000000,244.000000,244.000000,244.013683,13683000.000000,service1
247.013683,247.000000,247.000000,247.000000,247.013683,13683000.000000,service1
250.013683,250.000000,250.000000,250.000000,250.013683,13683000.000000,service1
253.013683,253.000000,253.000000,253.000000,253.013683,13683000.000000,service1
256.013683,256.000000,256.000000,256.000000,256.013683,13683000.000000,service1
259.013683,259.000000,259.000000,259.000000,259.013683,13683000.000000,service1
262.013683,262.000000,262.000000,262.000000,262.013683,13683000.000000,service1
265.013683,265.000000,265.000000,265.000000,265.013683,13683000.000000,service1
268.013683,268.000000,268.000000,268.000000,268.013683,13683000.000000,service1
271.013683,271.000000,271.000000,271.000000,271.013683,13683000.000000,service1
274.013683,274.000000,274.000000,274.000000,274.013683,13683000.000000,service1
277.013683,277.000000,277.000000,277.000000,277.013683,13683000.000000,service1
280.013683,280.000000,280.000000,280.000000,280.013683,13683000.000000,service1
283.013683,283.000000,283.000000,283.000000,283.013683,13683000.000000,service1
286.013683,286.000000,286.000000,286.000000,286.013683,13683000.000000,service1
289.013683,289.000000,289.000000,289.000000,289.013683,13683000.000000,service1
292.013683,292.000000,292.000000,292.000000,292.013683,13683000.000000,service1
295.013683,295.000000,295.000000,295.000000,295.013683,13683000.000000,service1
298.013683,298.000000,298.000000,298.000000,298.013683,13683000.000000,service1
4.017038,4.000000,4.000000,4.000000,4.017038,17038000.000000,service1
7.017038,7.000000,7.000000,7.000000,7.017038,17038000.000000,service1
10.017038,10.000000,10.000000,10.000000,10.017038,17038000.000000,service1
13.017038,13.000000,13.000000,13.000000,13.017038,17038000.000000,service1
16.017038,16.000000,16.000000,16.000000,16.017038,17038000.000000,service1
19.017038,19.000000,19.000000,19.000000,19.017038,17038000.000000,service1
22.017038,22.000000,22.000000,22.000000,22.017038,17038000.000000,service1
25.017038,25.000000,25.000000,25.000000,25.017038,17038000.000000,service1
28.017038,28.000000,28.000000,28.000000,28.017038,17038000.000000,service1
31.017038,31.000000,31.000000,31.000000,31.017038,17038000.000000,service1
34.017038,34.000000,34.000000,34.000000,34.017038,17038000.000000,service1
37.017038,37.000000,37.000000,37.000000,37.017038,17038000.000000,service1
40.017038,40.000000,40.000000,40.000000,40.017038,17038000.000000,service1
43.017038,43.000000,43.000000,43.000000,43.017038,17038000.000000,service1
46.017038,46.000000,46.000000,46.000000,46.017038,17038000.000000,service1
49.017038,49.000000,49.000000,49.000000,49.017038,17038000.000000,service1
52.017038,52.000000,52.000000,52.000000,52.017038,17038000.000000,service1
55.017038,55.000000,55.000000,55.000000,55.017038,17038000.000000,service1
58.017038,58.000000,58.000000,58.000000,58.017038,17038000.000000,service1
61.017038,61.000000,61.000000,61.000000,61.017038,17038000.000000,service1
64.017038,64.000000,64.000000,64.000000,64.017038,17038000.000000,service1
67.017038,67.000000,67.000000,67.000000,67.017038,17038000.000000,service1
70.017038,70.000000,70.000000,70.000000,70.017038,17038000.000000,service1
73.017038,73.000000,73.000000,73.000000,73.017038,17038000.000000,service1
76.017038,76.000000,76.000000,76.000000,76.017038,17038000.000000,service1
79.017038,79.000000,79.000000,79.000000,79.017038,17038000.000000,service1
82.017038,82.000000,82.000000,82.000000,82.017038,17038000.000000,service1
85.017038,85.000000,85.000000,85.000000,85.017038,17038000.000000,service1
88.017038,88.000000,88.000000,88.000000,88.017038,17038000.000000,service1
91.017038,91.000000,91.000000,91.000000,91.017038,17038000.000000,service1
94.017038,94.000000,94.000000,94.000000,94.017038,17038000.000000,service1
97.017038,97.000000,97.000000,97.000000,97.017038,17038000.000000,service1
100.017038,100.000000,100.000000,100.000000,100.017038,17038000.000000,service1
103.017038,103.000000,103.000000,103.000000,103.017038,17038000.000000,service1
106.017038,106.000000,106.000000,106.000000,106.017038,17038000.000000,service1
109.017038,109.000000,109.000000,109.000000,109.017038,17038000.000000,service1
112.017038,112.000000,112.000000,112.000000,112.017038,17038000.000000,service1
115.017038,115.000000,115.000000,115.000000,115.017038,17038000.000000,service1
118.017038,118.000000,118.000000,118.000000,118.017038,17038000.000000,service1
121.017038,121.000000,121.000000,121.000000,121.017038,17038000.000000,service1
124.017038,124.000000,124.000000,124.000000,124.017038,17038000.000000,service1
127.017038,127.000000,127.000000,127.000000,127.017038,17038000.000000,service1
130.017038,130.000000,130.000000,130.000000,130.017038,17038000.000000,service1
133.017038,133.000000,133.000000,133.000000,133.017038,17038000.000000,service1
136.017038,136.000000,136.000000,136.000000,136.017038,17038000.000000,service1
139.017038,139.000000,139.000000,139.000000,139.017038,17038000.000000,service1
142.017038,142.000000,142.000000,142.000000,142.017038,17038000.000000,service1
145.017038,145.000000,145.000000,145.000000,145.017038,17038000.000000,service1
148.017038,148.000000,148.000000,148.000000,148.017038,17038000.000000,service1
151.017038,151.000000,151.000000,151.000000,151.017038,17038000.000000,service1
154.017038,154.000000,154.000000,154.000000,154.017038,17038000.000000,service1
157.017038,157.000000,157.000000,157.000000,157.017038,17038000.000000,service1
160.017038,160.000000,160.000000,160.000000,160.017038,17038000.000000,service1
163.017038,163.000000,163.000000,163.000000,163.017038,17038000.000000,service1
166.017038,166.000000,166.000000,166.000000,166.017038,17038000.000000,service1
169.017038,169.000000,169.000000,169.000000,169.017038,17038000.000000,service1
172.017038,172.000000,172.000000,172.000000,172.017038,17038000.000000,service1
175.017038,175.000000,175.000000,175.000000,175.017038,17038000.000000,service1
178.017038,178.000000,178.000000,178.000000,178.017038,17038000.000000,service1
181.017038,181.000000,181.000000,181.000000,181.017038,17038000.000000,service1
184.017038,184.000000,184.000000,184.000000,184.017038,17038000.000000,service1
187.017038,187.000000,187.000000,187.000000,187.017038,17038000.000000,service1
190.017038,190.000000,190.000000,190.000000,190.017038,17038000.000000,service1
193.017038,193.000000,193.000000,193.000000,193.017038,17038000.000000,service1
196.017038,196.000000,196.000000,196.000000,196.017038,17038000.000000,service1
199.017038,199.000000,199.000000,199.000000,199.017038,17038000.000000,service1
202.017038,202.000000,202.000000,202.000000,202.017038,17038000.000000,service1
205.017038,205.000000,205.000000,205.000000,205.017038,17038000.000000,service1
208.017038,208.000000,208.000000,208.000000,208.017038,17038000.000000,service1
211.017038,211.000000,211.000000,211.000000,211.017038,17038000.000000,service1
214.017038,214.000000,214.000000,214.000000,214.017038,17038000.000000,service1
217.017038,217.000000,217.000000,217.000000,217.017038,17038000.000000,service1
220.017038,220.000000,220.000000,220.000000,220.017038,17038000.000000,service1
223.017038,223.000000,223.000000,223.000000,223.017038,17038000.000000,service1
226.017038,226.000000,226.000000,226.000000,226.017038,17038000.000000,service1
229.017038,229.000000,229.000000,229.000000,229.017038,17038000.000000,service1
232.017038,232.000000,232.000000,232.000000,232.017038,17038000.000000,service1
235.017038,235.000000,235.000000,235.000000,235.017038,17038000.000000,service1
238.017038,238.000000,238.000000,238.000000,238.017038,17038000.000000,service1
241.017038,241.000000,241.000000,241.000000,241.017038,17038000.000000,service1
244.017038,244.000000,244.000000,244.000000,244.017038,17038000.000000,service1
247.017038,247.000000,247.000000,247.000000,247.017038,17038000.000000,service1
250.017038,250.000000,250.000000,250.000000,250.017038,17038000.000000,service1
253.017038,253.000000,253.000000,253.000000,253.017038,17038000.000000,service1
256.017038,256.000000,256.000000,256.000000,256.017038,17038000.000000,service1
259.017038,259.000000,259.000000,259.000000,259.017038,17038000.000000,service1
262.017038,262.000000,262.000000,262.000000,262.017038,17038000.000000,service1
265.017038,265.000000,265.000000,265.000000,265.017038,17038000.000000,service1
268.017038,268.000000,268.000000,268.000000,268.017038,17038000.000000,service1
271.017038,271.000000,271.000000,271.000000,271.017038,17038000.000000,service1
274.017038,274.000000,274.000000,274.000000,274.017038,17038000.000000,service1
277.017038,277.000000,277.000000,277.000000,277.017038,17038000.000000,service1
280.017038,280.000000,280.000000,280.000000,280.017038,17038000.000000,service1
283.017038,283.000000,283.000000,283.000000,283.017038,17038000.000000,service1
286.017038,286.000000,286.000000,286.000000,286.017038,17038000.000000,service1
289.017038,289.000000,289.000000,289.000000,289.017038,17038000.000000,service1
292.017038,292.000000,292.000000,292.000000,292.017038,17038000.000000,service1
295.017038,295.000000,295.000000,295.000000,295.017038,17038000.000000,service1
298.017038,298.000000,298.000000,298.000000,298.017038,17038000.000000,service1
4.020393,4.000000,4.000000,4.000000,4.020393,20393000.000000,service1
7.020393,7.000000,7.000000,7.000000,7.020393,20393000.000000,service1
10.020393,10.000000,10.000000,10.000000,10.020393,20393000.000000,service1
13.020393,13.000000,13.000000,13.000000,13.020393,20393000.000000,service1
16.020393,16.000000,16.000000,16.000000,16.020393,20393000.000000,service1
19.020393,19.000000,19.000000,19.000000,19.020393,20393000.000000,service1
22.020393,22.000000,22.000000,22.000000,22.020393,20393000.000000,service1
25.020393,25.000000,25.000000,25.000000,25.020393,20393000.000000,service1
28.020393,28.000000,28.000000,28.000000,28.020393,20393000.000000,service1
31.020393,31.000000,31.000000,31.000000,31.020393,20393000.000000,service1
34.020393,34.000000,34.000000,34.000000,34.020393,20393000.000000,service1
37.020393,37.000000,37.000000,37.000000,37.020393,20393000.000000,service1
40.020393,40.000000,40.000000,40.000000,40.020393,20393000.000000,service1
43.020393,43.000000,43.000000,43.000000,43.020393,20393000.000000,service1
46.020393,46.000000,46.000000,46.000000,46.020393,20393000.000000,service1
49.020393,49.000000,49.000000,49.000000,49.020393,20393000.000000,service1
52.020393,52.000000,52.000000,52.000000,52.020393,20393000.000000,service1
55.020393,55.000000,55.000000,55.000000,55.020393,20393000.000000,service1
58.020393,58.000000,58.000000,58.000000,58.020393,20393000.000000,service1
61.020393,61.000000,61.000000,61.000000,61.020393,20393000.000000,service1
64.020393,64.000000,64.000000,64.000000,64.020393,20393000.000000,service1
67.020393,67.000000,67.000000,67.000000,67.020393,20393000.000000,service1
70.020393,70.000000,70.000000,70.000000,70.020393,20393000.000000,service1
73.020393,73.000000,73.000000,73.000000,73.020393,20393000.000000,service1
76.020393,76.000000,76.000000,76.000000,76.020393,20393000.000000,service1
79.020393,79.000000,79.000000,79.000000,79.020393,20393000.000000,service1
82.020393,82.000000,82.000000,82.000000,82.020393,20393000.000000,service1
85.020393,85.000000,85.000000,85.000000,85.020393,20393000.000000,service1
88.020393,88.000000,88.000000,88.000000,88.020393,20393000.000000,service1
91.020393,91.000000,91.000000,91.000000,91.020393,20393000.000000,service1
94.020393,94.000000,94.000000,94.000000,94.020393,20393000.000000,service1
97.020393,97.000000,97.000000,97.000000,97.020393,20393000.000000,service1
100.020393,100.000000,100.000000,100.000000,100.020393,20393000.000000,service1
103.020393,103.000000,103.000000,103.000000,103.020393,20393000.000000,service1
106.020393,106.000000,106.000000,106.000000,106.020393,20393000.000000,service1
109.020393,109.000000,109.000000,109.000000,109.020393,20393000.000000,service1
112.020393,112.000000,112.000000,112.000000,112.020393,20393000.000000,service1
115.020393,115.000000,115.000000,115.000000,115.020393,20393000.000000,service1
118.020393,118.000000,118.000000,118.000000,118.020393,20393000.000000,service1
121.020393,121.000000,121.000000,121.000000,121.020393,20393000.000000,service1
124.020393,124.000000,124.000000,124.000000,124.020393,20393000.000000,service1
127.020393,127.000000,127.000000,127.000000,127.020393,20393000.000000,service1
130.020393,130.000000,130.000000,130.000000,130.020393,20393000.000000,service1
133.020393,133.000000,133.000000,133.000000,133.020393,20393000.000000,service1
136.020393,136.000000,136.000000,136.000000,136.020393,20393000.000000,service1
139.020393,139.000000,139.000000,139.000000,139.020393,20393000.000000,service1
142.020393,142.000000,142.000000,142.000000,142.020393,20393000.000000,service1
145.020393,145.000000,145.000000,145.000000,145.020393,20393000.000000,service1
148.020393,148.000000,148.000000,148.000000,148.020393,20393000.000000,service1
151.020393,151.000000,151.000000,151.000000,151.020393,20393000.000000,service1
154.020393,154.000000,154.000000,154.000000,154.020393,20393000.000000,service1
157.020393,157.000000,157.000000,157.000000,157.020393,20393000.000000,service1
160.020393,160.000000,160.000000,160.000000,160.020393,20393000.000000,service1
163.020393,163.000000,163.000000,163.000000,163.020393,20393000.000000,service1
166.020393,166.000000,166.000000,166.000000,166.020393,20393000.000000,service1
169.020393,169.000000,169.000000,169.000000,169.020393,20393000.000000,service1
172.020393,172.000000,172.000000,172.000000,172.020393,20393000.000000,service1
175.020393,175.000000,175.000000,175.000000,175.020393,20393000.000000,service1
178.020393,178.000000,178.000000,178.000000,178.020393,20393000.000000,service1
181.020393,181.000000,181.000000,181.000000,181.020393,20393000.000000,service1
184.020393,184.000000,184.000000,184.000000,184.020393,20393000.000000,service1
187.020393,187.000000,187.000000,187.000000,187.020393,20393000.000000,service1
190.020393,190.000000,190.000000,190.000000,190.020393,20393000.000000,service1
193.020393,193.000000,193.000000,193.000000,193.020393,20393000.000000,service1
196.020393,196.000000,196.000000,196.000000,196.020393,20393000.000000,service1
199.020393,199.000000,199.000000,199.000000,199.020393,20393000.000000,service1
202.020393,202.000000,202.000000,202.000000,202.020393,20393000.000000,service1
205.020393,205.000000,205.000000,205.000000,205.020393,20393000.000000,service1
208.020393,208.000000,208.000000,208.000000,208.020393,20393000.000000,service1
211.020393,211.000000,211.000000,211.000000,211.020393,20393000.000000,service1
214.020393,214.000000,214.000000,214.000000,214.020393,20393000.000000,service1
217.020393,217.000000,217.000000,217.000000,217.020393,20393000.000000,service1
220.020393,220.000000,220.000000,220.000000,220.020393,20393000.000000,service1
223.020393,223.000000,223.000000,223.000000,223.020393,20393000.000000,service1
226.020393,226.000000,226.000000,226.000000,226.020393,20393000.000000,service1
229.020393,229.000000,229.000000,229.000000,229.020393,20393000.000000,service1
232.020393,232.000000,232.000000,232.000000,232.020393,20393000.000000,service1
235.020393,235.000000,235.000000,235.000000,235.020393,20393000.000000,service1
238.020393,238.000000,238.000000,238.000000,238.020393,20393000.000000,service1
241.020393,241.000000,241.000000,241.000000,241.020393,20393000.000000,service1
244.020393,244.000000,244.000000,244.000000,244.020393,20393000.000000,service1
247.020393,247.000000,247.000000,247.000000,247.020393,20393000.000000,service1
250.020393,250.000000,250.000000,250.000000,250.020393,20393000.000000,service1
253.020393,253.000000,253.000000,253.000000,253.020393,20393000.000000,service1
256.020393,256.000000,256.000000,256.000000,256.020393,20393000.000000,service1
259.020393,259.000000,259.000000,259.000000,259.020393,20393000.000000,service1
262.020393,262.000000,262.000000,262.000000,262.020393,20393000.000000,service1
265.020393,265.000000,265.000000,265.000000,265.020393,20393000.000000,service1
268.020393,268.000000,268.000000,268.000000,268.020393,20393000.000000,service1
271.020393,271.000000,271.000000,271.000000,271.020393,20393000.000000,service1
274.020393,274.000000,274.000000,274.000000,274.020393,20393000.000000,service1
277.020393,277.000000,277.000000,277.000000,277.020393,20393000.000000,service1
280.020393,280.000000,280.000000,280.000000,280.020393,20393000.000000,service1
283.020393,283.000000,283.000000,283.000000,283.020393,20393000.000000,service1
286.020393,286.000000,286.000000,286.000000,286.020393,20393000.000000,service1
289.020393,289.000000,289.000000,289.000000,289.020393,20393000.000000,service1
292.020393,292.000000,292.000000,292.000000,292.020393,20393000.000000,service1
295.020393,295.000000,295.000000,295.000000,295.020393,20393000.000000,service1
298.020393,298.000000,298.000000,298.000000,298.020393,20393000.000000,service1
4.023748,4.000000,4.000000,4.000000,4.023748,23748000.000000,service1
7.023748,7.000000,7.000000,7.000000,7.023748,23748000.000000,service1
10.023748,10.000000,10.000000,10.000000,10.023748,23748000.000000,service1
13.023748,13.000000,13.000000,13.000000,13.023748,23748000.000000,service1
16.023748,16.000000,16.000000,16.000000,16.023748,23748000.000000,service1
19.023748,19.000000,19.000000,19.000000,19.023748,23748000.000000,service1
22.023748,22.000000,22.000000,22.000000,22.023748,23748000.000000,service1
25.023748,25.000000,25.000000,25.000000,25.023748,23748000.000000,service1
28.023748,28.000000,28.000000,28.000000,28.023748,23748000.000000,service1
31.023748,31.000000,31.000000,31.000000,31.023748,23748000.000000,service1
34.023748,34.000000,34.000000,34.000000,34.023748,23748000.000000,service1
37.023748,37.000000,37.000000,37.000000,37.023748,23748000.000000,service1
40.023748,40.000000,40.000000,40.000000,40.023748,23748000.000000,service1
43.023748,43.000000,43.000000,43.000000,43.023748,23748000.000000,service1
46.023748,46.000000,46.000000,46.000000,46.023748,23748000.000000,service1
49.023748,49.000000,49.000000,49.000000,49.023748,23748000.000000,service1
52.023748,52.000000,52.000000,52.000000,52.023748,23748000.000000,service1
55.023748,55.000000,55.000000,55.000000,55.023748,23748000.000000,service1
58.023748,58.000000,58.000000,58.000000,58.023748,23748000.000000,service1
61.023748,61.000000,61.000000,61.000000,61.023748,23748000.000000,service1
64.023748,64.000000,64.000000,64.000000,64.023748,23748000.000000,service1
67.023748,67.000000,67.000000,67.000000,67.023748,23748000.000000,service1
70.023748,70.000000,70.000000,70.000000,70.023748,23748000.000000,service1
73.023748,73.000000,73.000000,73.000000,73.023748,23748000.000000,service1
76.023748,76.000000,76.000000,76.000000,76.023748,23748000.000000,service1
79.023748,79.000000,79.000000,79.000000,79.023748,23748000.000000,service1
82.023748,82.000000,82.000000,82.000000,82.023748,23748000.000000,service1
85.023748,85.000000,85.000000,85.000000,85.023748,23748000.000000,service1
88.023748,88.000000,88.000000,88.000000,88.023748,23748000.000000,service1
91.023748,91.000000,91.000000,91.000000,91.023748,23748000.000000,service1
94.023748,94.000000,94.000000,94.000000,94.023748,23748000.000000,service1
97.023748,97.000000,97.000000,97.000000,97.023748,23748000.000000,service1
100.023748,100.000000,100.000000,100.000000,100.023748,23748000.000000,service1
103.023748,103.000000,103.000000,103.000000,103.023748,23748000.000000,service1
106.023748,106.000000,106.000000,106.000000,106.023748,23748000.000000,service1
109.023748,109.000000,109.000000,109.000000,109.023748,23748000.000000,service1
112.023748,112.000000,112.000000,112.000000,112.023748,23748000.000000,service1
115.023748,115.000000,115.000000,115.000000,115.023748,23748000.000000,service1
118.023748,118.000000,118.000000,118.000000,118.023748,23748000.000000,service1
121.023748,121.000000,121.000000,121.000000,121.023748,23748000.000000,service1
124.023748,124.000000,124.000000,124.000000,124.023748,23748000.000000,service1
127.023748,127.000000,127.000000,127.000000,127.023748,23748000.000000,service1
130.023748,130.000000,130.000000,130.000000,130.023748,23748000.000000,service1
133.023748,133.000000,133.000000,133.000000,133.023748,23748000.000000,service1
136.023748,136.000000,136.000000,136.000000,136.023748,23748000.000000,service1
139.023748,139.000000,139.000000,139.000000,139.023748,23748000.000000,service1
142.023748,142.000000,142.000000,142.000000,142.023748,23748000.000000,service1
145.023748,145.000000,145.000000,145.000000,145.023748,23748000.000000,service1
148.023748,148.000000,148.000000,148.000000,148.023748,23748000.000000,service1
151.023748,151.000000,151.000000,151.000000,151.023748,23748000.000000,service1
154.023748,154.000000,154.000000,154.000000,154.023748,23748000.000000,service1
157.023748,157.000000,157.000000,157.000000,157.023748,23748000.000000,service1
160.023748,160.000000,160.000000,160.000000,160.023748,23748000.000000,service1
163.023748,163.000000,163.000000,163.000000,163.023748,23748000.000000,service1
166.023748,166.000000,166.000000,166.000000,166.023748,23748000.000000,service1
169.023748,169.000000,169.000000,169.000000,169.023748,23748000.000000,service1
172.023748,172.000000,172.000000,172.000000,172.023748,23748000.000000,service1
175.023748,175.000000,175.000000,175.000000,175.023748,23748000.000000,service1
178.023748,178.000000,178.000000,178.000000,178.023748,23748000.000000,service1
181.023748,181.000000,181.000000,181.000000,181.023748,23748000.000000,service1
184.023748,184.000000,184.000000,184.000000,184.023748,23748000.000000,service1
187.023748,187.000000,187.000000,187.000000,187.023748,23748000.000000,service1
190.023748,190.000000,190.000000,190.000000,190.023748,23748000.000000,service1
193.023748,193.000000,193.000000,193.000000,193.023748,23748000.000000,service1
196.023748,196.000000,196.000000,196.000000,196.023748,23748000.000000,service1
199.023748,199.000000,199.000000,199.000000,199.023748,23748000.000000,service1
202.023748,202.000000,202.000000,202.000000,202.023748,23748000.000000,service1
205.023748,205.000000,205.000000,205.000000,205.023748,23748000.000000,service1
208.023748,208.000000,208.000000,208.000000,208.023748,23748000.000000,service1
211.023748,211.000000,211.000000,211.000000,211.023748,23748000.000000,service1
214.023748,214.000000,214.000000,214.000000,214.023748,23748000.000000,service1
217.023748,217.000000,217.000000,217.000000,217.023748,23748000.000000,service1
220.023748,220.000000,220.000000,220.000000,220.023748,23748000.000000,service1
223.023748,223.000000,223.000000,223.000000,223.023748,23748000.000000,service1
226.023748,226.000000,226.000000,226.000000,226.023748,23748000.000000,service1
229.023748,229.000000,229.000000,229.000000,229.023748,23748000.000000,service1
232.023748,232.000000,232.000000,232.000000,232.023748,23748000.000000,service1
235.023748,235.000000,235.000000,235.000000,235.023748,23748000.000000,service1
238.023748,238.000000,238.000000,238.000000,238.023748,23748000.000000,service1
241.023748,241.000000,241.000000,241.000000,241.023748,23748000.000000,service1
244.023748,244.000000,244.000000,244.000000,244.023748,23748000.000000,service1
247.023748,247.000000,247.000000,247.000000,247.023748,23748000.000000,service1
250.023748,250.000000,250.000000,250.000000,250.023748,23748000.000000,service1
253.023748,253.000000,253.000000,253.000000,253.023748,23748000.000000,service1
256.023748,256.000000,256.000000,256.000000,256.023748,23748000.000000,service1
259.023748,259.000000,259.000000,259.000000,259.023748,23748000.000000,service1
262.023748,262.000000,262.000000,262.000000,262.023748,23748000.000000,service1
265.023748,265.000000,265.000000,265.000000,265.023748,23748000.000000,service1
268.023748,268.000000,268.000000,268.000000,268.023748,23748000.000000,service1
271.023748,271.000000,271.000000,271.000000,271.023748,23748000.000000,service1
274.023748,274.000000,274.000000,274.000000,274.023748,23748000.000000,service1
277.023748,277.000000,277.000000,277.000000,277.023748,23748000.000000,service1
280.023748,280.000000,280.000000,280.000000,280.023748,23748000.000000,service1
283.023748,283.000000,283.000000,283.000000,283.023748,23748000.000000,service1
286.023748,286.000000,286.000000,286.000000,286.023748,23748000.000000,service1
289.023748,289.000000,289.000000,289.000000,289.023748,23748000.000000,service1
292.023748,292.000000,292.000000,292.000000,292.023748,23748000.000000,service1
295.023748,295.000000,295.000000,295.000000,295.023748,23748000.000000,service1
298.023748,298.000000,298.000000,298.000000,298.023748,23748000.000000,service1
4.027103,4.000000,4.000000,4.000000,4.027103,27103000.000000,service1
7.027103,7.000000,7.000000,7.000000,7.027103,27103000.000000,service1
10.027103,10.000000,10.000000,10.000000,10.027103,27103000.000000,service1
13.027103,13.000000,13.000000,13.000000,13.027103,27103000.000000,service1
16.027103,16.000000,16.000000,16.000000,16.027103,27103000.000000,service1
19.027103,19.000000,19.000000,19.000000,19.027103,27103000.000000,service1
22.027103,22.000000,22.000000,22.000000,22.027103,27103000.000000,service1
25.027103,25.000000,25.000000,25.000000,25.027103,27103000.000000,service1
28.027103,28.000000,28.000000,28.000000,28.027103,27103000.000000,service1
31.027103,31.000000,31.000000,31.000000,31.027103,27103000.000000,service1
34.027103,34.000000,34.000000,34.000000,34.027103,27103000.000000,service1
37.027103,37.000000,37.000000,37.000000,37.027103,27103000.000000,service1
40.027103,40.000000,40.000000,40.000000,40.027103,27103000.000000,service1
43.027103,43.000000,43.000000,43.000000,43.027103,27103000.000000,service1
46.027103,46.000000,46.000000,46.000000,46.027103,27103000.000000,service1
49.027103,49.000000,49.000000,49.000000,49.027103,27103000.000000,service1
52.027103,52.000000,52.000000,52.000000,52.027103,27103000.000000,service1
55.027103,55.000000,55.000000,55.000000,55.027103,27103000.000000,service1
58.027103,58.000000,58.000000,58.000000,58.027103,27103000.000000,service1
61.027103,61.000000,61.000000,61.000000,61.027103,27103000.000000,service1
64.027103,64.000000,64.000000,64.000000,64.027103,27103000.000000,service1
67.027103,67.000000,67.000000,67.000000,67.027103,27103000.000000,service1
70.027103,70.000000,70.000000,70.000000,70.027103,27103000.000000,service1
73.027103,73.000000,73.000000,73.000000,73.027103,27103000.000000,service1
76.027103,76.000000,76.000000,76.000000,76.027103,27103000.000000,service1
79.027103,79.000000,79.000000,79.000000,79.027103,27103000.000000,service1
82.027103,82.000000,82.000000,82.000000,82.027103,27103000.000000,service1
85.027103,85.000000,85.000000,85.000000,85.027103,27103000.000000,service1
88.027103,88.000000,88.000000,88.000000,88.027103,27103000.000000,service1
91.027103,91.000000,91.000000,91.000000,91.027103,27103000.000000,service1
94.027103,94.000000,94.000000,94.000000,94.027103,27103000.000000,service1
97.027103,97.000000,97.000000,97.000000,97.027103,27103000.000000,service1
100.027103,100.000000,100.000000,100.000000,100.027103,27103000.000000,service1
103.027103,103.000000,103.000000,103.000000,103.027103,27103000.000000,service1
106.027103,106.000000,106.000000,106.000000,106.027103,27103000.000000,service1
109.027103,109.000000,109.000000,109.000000,109.027103,27103000.000000,service1
112.027103,112.000000,112.000000,112.000000,112.027103,27103000.000000,service1
115.027103,115.000000,115.000000,115.000000,115.027103,27103000.000000,service1
118.027103,118.000000,118.000000,118.000000,118.027103,27103000.000000,service1
121.027103,121.000000,121.000000,121.000000,121.027103,27103000.000000,service1
124.027103,124.000000,124.000000,124.000000,124.027103,27103000.000000,service1
127.027103,127.000000,127.000000,127.000000,127.027103,27103000.000000,service1
130.027103,130.000000,130.000000,130.000000,130.027103,27103000.000000,service1
133.027103,133.000000,133.000000,133.000000,133.027103,27103000.000000,service1
136.027103,136.000000,136.000000,136.000000,136.027103,27103000.000000,service1
139.027103,139.000000,139.000000,139.000000,139.027103,27103000.000000,service1
142.027103,142.000000,142.000000,142.000000,142.027103,27103000.000000,service1
145.027103,145.000000,145.000000,145.000000,145.027103,27103000.000000,service1
148.027103,148.000000,148.000000,148.000000,148.027103,27103000.000000,service1
151.027103,151.000000,151.000000,151.000000,151.027103,27103000.000000,service1
154.027103,154.000000,154.000000,154.000000,154.027103,27103000.000000,service1
157.027103,157.000000,157.000000,157.000000,157.027103,27103000.000000,service1
160.027103,160.000000,160.000000,160.000000,160.027103,27103000.000000,service1
163.027103,163.000000,163.000000,163.000000,163.027103,27103000.000000,service1
166.027103,166.000000,166.000000,166.000000,166.027103,27103000.000000,service1
169.027103,169.000000,169.000000,169.000000,169.027103,27103000.000000,service1
172.027103,172.000000,172.000000,172.000000,172.027103,27103000.000000,service1
175.027103,175.000000,175.000000,175.000000,175.027103,27103000.000000,service1
178.027103,178.000000,178.000000,178.000000,178.027103,27103000.000000,service1
181.027103,181.000000,181.000000,181.000000,181.027103,27103000.000000,service1
184.027103,184.000000,184.000000,184.000000,184.027103,27103000.000000,service1
187.027103,187.000000,187.000000,187.000000,187.027103,27103000.000000,service1
190.027103,190.000000,190.000000,190.000000,190.027103,27103000.000000,service1
193.027103,193.000000,193.000000,193.000000,193.027103,27103000.000000,service1
196.027103,196.000000,196.000000,196.000000,196.027103,27103000.000000,service1
199.027103,199.000000,199.000000,199.000000,199.027103,27103000.000000,service1
202.027103,202.000000,202.000000,202.000000,202.027103,27103000.000000,service1
205.027103,205.000000,205.000000,205.000000,205.027103,27103000.000000,service1
208.027103,208.000000,208.000000,208.000000,208.027103,27103000.000000,service1
211.027103,211.000000,211.000000,211.000000,211.027103,27103000.000000,service1
214.027103,214.000000,214.000000,214.000000,214.027103,27103000.000000,service1
217.027103,217.000000,217.000000,217.000000,217.027103,27103000.000000,service1
220.027103,220.000000,220.000000,220.000000,220.027103,27103000.000000,service1
223.027103,223.000000,223.000000,223.000000,223.027103,27103000.000000,service1
226.027103,226.000000,226.000000,226.000000,226.027103,27103000.000000,service1
229.027103,229.000000,229.000000,229.000000,229.027103,27103000.000000,service1
232.027103,232.000000,232.000000,232.000000,232.027103,27103000.000000,service1
235.027103,235.000000,235.000000,235.000000,235.027103,27103000.000000,service1
238.027103,238.000000,238.000000,238.000000,238.027103,27103000.000000,service1
241.027103,241.000000,241.000000,241.000000,241.027103,27103000.000000,service1
244.027103,244.000000,244.000000,244.000000,244.027103,27103000.000000,service1
247.027103,247.000000,247.000000,247.000000,247.027103,27103000.000000,service1
250.027103,250.000000,250.000000,250.000000,250.027103,27103000.000000,service1
253.027103,253.000000,253.000000,253.000000,253.027103,27103000.000000,service1
256.027103,256.000000,256.000000,256.000000,256.027103,27103000.000000,service1
259.027103,259.000000,259.000000,259.000000,259.027103,27103000.000000,service1
262.027103,262.000000,262.000000,262.000000,262.027103,27103000.000000,service1
265.027103,265.000000,265.000000,265.000000,265.027103,27103000.000000,service1
268.027103,268.000000,268.000000,268.000000,268.027103,27103000.000000,service1
271.027103,271.000000,271.000000,271.000000,271.027103,27103000.000000,service1
274.027103,274.000000,274.000000,274.000000,274.027103,27103000.000000,service1
277.027103,277.000000,277.000000,277.000000,277.027103,27103000.000000,service1
280.027103,280.000000,280.000000,280.000000,280.027103,27103000.000000,service1
283.027103,283.000000,283.000000,283.000000,283.027103,27103000.000000,service1
286.027103,286.000000,286.000000,286.000000,286.027103,27103000.000000,service1
289.027103,289.000000,289.000000,289.000000,289.027103,27103000.000000,service1
292.027103,292.000000,292.000000,292.000000,292.027103,27103000.000000,service1
295.027103,295.000000,295.000000,295.000000,295.027103,27103000.000000,service1
298.027103,298.000000,298.000000,298.000000,298.027103,27103000.000000,service1
4.030458,4.000000,4.000000,4.000000,4.030458,30458000.000000,service1
7.030458,7.000000,7.000000,7.000000,7.030458,30458000.000000,service1
10.030458,10.000000,10.000000,10.000000,10.030458,30458000.000000,service1
13.030458,13.000000,13.000000,13.000000,13.030458,30458000.000000,service1
16.030458,16.000000,16.000000,16.000000,16.030458,30458000.000000,service1
19.030458,19.000000,19.000000,19.000000,19.030458,30458000.000000,service1
22.030458,22.000000,22.000000,22.000000,22.030458,30458000.000000,service1
25.030458,25.000000,25.000000,25.000000,25.030458,30458000.000000,service1
28.030458,28.000000,28.000000,28.000000,28.030458,30458000.000000,service1
31.030458,31.000000,31.000000,31.000000,31.030458,30458000.000000,service1
34.030458,34.000000,34.000000,34.000000,34.030458,30458000.000000,service1
37.030458,37.000000,37.000000,37.000000,37.030458,30458000.000000,service1
40.030458,40.000000,40.000000,40.000000,40.030458,30458000.000000,service1
43.030458,43.000000,43.000000,43.000000,43.030458,30458000.000000,service1
46.030458,46.000000,46.000000,46.000000,46.030458,30458000.000000,service1
49.030458,49.000000,49.000000,49.000000,49.030458,30458000.000000,service1
52.030458,52.000000,52.000000,52.000000,52.030458,30458000.000000,service1
55.030458,55.000000,55.000000,55.000000,55.030458,30458000.000000,service1
58.030458,58.000000,58.000000,58.000000,58.030458,30458000.000000,service1
61.030458,61.000000,61.000000,61.000000,61.030458,30458000.000000,service1
64.030458,64.000000,64.000000,64.000000,64.030458,30458000.000000,service1
67.030458,67.000000,67.000000,67.000000,67.030458,30458000.000000,service1
70.030458,70.000000,70.000000,70.000000,70.030458,30458000.000000,service1
73.030458,73.000000,73.000000,73.000000,73.030458,30458000.000000,service1
76.030458,76.000000,76.000000,76.000000,76.030458,30458000.000000,service1
79.030458,79.000000,79.000000,79.000000,79.030458,30458000.000000,service1
82.030458,82.000000,82.000000,82.000000,82.030458,30458000.000000,service1
85.030458,85.000000,85.000000,85.000000,85.030458,30458000.000000,service1
88.030458,88.000000,88.000000,88.000000,88.030458,30458000.000000,service1
91.030458,91.000000,91.000000,91.000000,91.030458,30458000.000000,service1
94.030458,94.000000,94.000000,94.000000,94.030458,30458000.000000,service1
97.030458,97.000000,97.000000,97.000000,97.030458,30458000.000000,service1
100.030458,100.000000,100.000000,100.000000,100.030458,30458000.000000,service1
103.030458,103.000000,103.000000,103.000000,103.030458,30458000.000000,service1
106.030458,106.000000,106.000000,106.000000,106.030458,30458000.000000,service1
109.030458,109.000000,109.000000,109.000000,109.030458,30458000.000000,service1
112.030458,112.000000,112.000000,112.000000,112.030458,30458000.000000,service1
115.030458,115.000000,115.000000,115.000000,115.030458,30458000.000000,service1
118.030458,118.000000,118.000000,118.000000,118.030458,30458000.000000,service1
121.030458,121.000000,121.000000,121.000000,121.030458,30458000.000000,service1
124.030458,124.000000,124.000000,124.000000,124.030458,30458000.000000,service1
127.030458,127.000000,127.000000,127.000000,127.030458,30458000.000000,service1
130.030458,130.000000,130.000000,130.000000,130.030458,30458000.000000,service1
133.030458,133.000000,133.000000,133.000000,133.030458,30458000.000000,service1
136.030458,136.000000,136.000000,136.000000,136.030458,30458000.000000,service1
139.030458,139.000000,139.000000,139.000000,139.030458,30458000.000000,service1
142.030458,142.000000,142.000000,142.000000,142.030458,30458000.000000,service1
145.030458,145.000000,145.000000,145.000000,145.030458,30458000.000000,service1
148.030458,148.000000,148.000000,148.000000,148.030458,30458000.000000,service1
151.030458,151.000000,151.000000,151.000000,151.030458,30458000.000000,service1
154.030458,154.000000,154.000000,154.000000,154.030458,30458000.000000,service1
157.030458,157.000000,157.000000,157.000000,157.030458,30458000.000000,service1
160.030458,160.000000,160.000000,160.000000,160.030458,30458000.000000,service1
163.030458,163.000000,163.000000,163.000000,163.030458,30458000.000000,service1
166.030458,166.000000,166.000000,166.000000,166.030458,30458000.000000,service1
169.030458,169.000000,169.000000,169.000000,169.030458,30458000.000000,service1
172.030458,172.000000,172.000000,172.000000,172.030458,30458000.000000,service1
175.030458,175.000000,175.000000,175.000000,175.030458,30458000.000000,service1
178.030458,178.000000,178.000000,178.000000,178.030458,30458000.000000,service1
181.030458,181.000000,181.000000,181.000000,181.030458,30458000.000000,service1
184.030458,184.000000,184.000000,184.000000,184.030458,30458000.000000,service1
187.030458,187.000000,187.000000,187.000000,187.030458,30458000.000000,service1
190.030458,190.000000,190.000000,190.000000,190.030458,30458000.000000,service1
193.030458,193.000000,193.000000,193.000000,193.030458,30458000.000000,service1
196.030458,196.000000,196.000000,196.000000,196.030458,30458000.000000,service1
199.030458,199.000000,199.000000,199.000000,199.030458,30458000.000000,service1
202.030458,202.000000,202.000000,202.000000,202.030458,30458000.000000,service1
205.030458,205.000000,205.000000,205.000000,205.030458,30458000.000000,service1
208.030458,208.000000,208.000000,208.000000,208.030458,30458000.000000,service1
211.030458,211.000000,211.000000,211.000000,211.030458,30458000.000000,service1
214.030458,214.000000,214.000000,214.000000,214.030458,30458000.000000,service1
217.030458,217.000000,217.000000,217.000000,217.030458,30458000.000000,service1
220.030458,220.000000,220.000000,220.000000,220.030458,30458000.000000,service1
223.030458,223.000000,223.000000,223.000000,223.030458,30458000.000000,service1
226.030458,226.000000,226.000000,226.000000,226.030458,30458000.000000,service1
229.030458,229.000000,229.000000,229.000000,229.030458,30458000.000000,service1
232.030458,232.000000,232.000000,232.000000,232.030458,30458000.000000,service1
235.030458,235.000000,235.000000,235.000000,235.030458,30458000.000000,service1
238.030458,238.000000,238.000000,238.000000,238.030458,30458000.000000,service1
241.030458,241.000000,241.000000,241.000000,241.030458,30458000.000000,service1
244.030458,244.000000,244.000000,244.000000,244.030458,30458000.000000,service1
247.030458,247.000000,247.000000,247.000000,247.030458,30458000.000000,service1
250.030458,250.000000,250.000000,250.000000,250.030458,30458000.000000,service1
253.030458,253.000000,253.000000,253.000000,253.030458,30458000.000000,service1
256.030458,256.000000,256.000000,256.000000,256.030458,30458000.000000,service1
259.030458,259.000000,259.000000,259.000000,259.030458,30458000.000000,service1
262.030458,262.000000,262.000000,262.000000,262.030458,30458000.000000,service1
265.030458,265.000000,265.000000,265.000000,265.030458,30458000.000000,service1
268.030458,268.000000,268.000000,268.000000,268.030458,30458000.000000,service1
271.030458,271.000000,271.000000,271.000000,271.030458,30458000.000000,service1
274.030458,274.000000,274.000000,274.000000,274.030458,30458000.000000,service1
277.030458,277.000000,277.000000,277.000000,277.030458,30458000.000000,service1
280.030458,280.000000,280.000000,280.000000,280.030458,30458000.000000,service1
283.030458,283.000000,283.000000,283.000000,283.030458,30458000.000000,service1
286.030458,286.000000,286.000000,286.000000,286.030458,30458000.000000,service1
289.030458,289.000000,289.000000,289.000000,289.030458,30458000.000000,service1
292.030458,292.000000,292.000000,292.000000,292.030458,30458000.000000,service1
295.030458,295.000000,295.000000,295.000000,295.030458,30458000.000000,service1
298.030458,298.000000,298.000000,298.000000,298.030458,30458000.000000,service1
4.033813,4.000000,4.000000,4.000000,4.033813,33813000.000000,service1
7.033813,7.000000,7.000000,7.000000,7.033813,33813000.000000,service1
10.033813,10.000000,10.000000,10.000000,10.033813,33813000.000000,service1
13.033813,13.000000,13.000000,13.000000,13.033813,33813000.000000,service1
16.033813,16.000000,16.000000,16.000000,16.033813,33813000.000000,service1
19.033813,19.000000,19.000000,19.000000,19.033813,33813000.000000,service1
22.033813,22.000000,22.000000,22.000000,22.033813,33813000.000000,service1
25.033813,25.000000,25.000000,25.000000,25.033813,33813000.000000,service1
28.033813,28.000000,28.000000,28.000000,28.033813,33813000.000000,service1
31.033813,31.000000,31.000000,31.000000,31.033813,33813000.000000,service1
34.033813,34.000000,34.000000,34.000000,34.033813,33813000.000000,service1
37.033813,37.000000,37.000000,37.000000,37.033813,33813000.000000,service1
40.033813,40.000000,40.000000,40.000000,40.033813,33813000.000000,service1
43.033813,43.000000,43.000000,43.000000,43.033813,33813000.000000,service1
46.033813,46.000000,46.000000,46.000000,46.033813,33813000.000000,service1
49.033813,49.000000,49.000000,49.000000,49.033813,33813000.000000,service1
52.033813,52.000000,52.000000,52.000000,52.033813,33813000.000000,service1
55.033813,55.000000,55.000000,55.000000,55.033813,33813000.000000,service1
58.033813,58.000000,58.000000,58.000000,58.033813,33813000.000000,service1
61.033813,61.000000,61.000000,61.000000,61.033813,33813000.000000,service1
64.033813,64.000000,64.000000,64.000000,64.033813,33813000.000000,service1
67.033813,67.000000,67.000000,67.000000,67.033813,33813000.000000,service1
70.033813,70.000000,70.000000,70.000000,70.033813,33813000.000000,service1
73.033813,73.000000,73.000000,73.000000,73.033813,33813000.000000,service1
76.033813,76.000000,76.000000,76.000000,76.033813,33813000.000000,service1
79.033813,79.000000,79.000000,79.000000,79.033813,33813000.000000,service1
82.033813,82.000000,82.000000,82.000000,82.033813,33813000.000000,service1
85.033813,85.000000,85.000000,85.000000,85.033813,33813000.000000,service1
88.033813,88.000000,88.000000,88.000000,88.033813,33813000.000000,service1
91.033813,91.000000,91.000000,91.000000,91.033813,33813000.000000,service1
94.033813,94.000000,94.000000,94.000000,94.033813,33813000.000000,service1
97.033813,97.000000,97.000000,97.000000,97.033813,33813000.000000,service1
100.033813,100.000000,100.000000,100.000000,100.033813,33813000.000000,service1
103.033813,103.000000,103.000000,103.000000,103.033813,33813000.000000,service1
106.033813,106.000000,106.000000,106.000000,106.033813,33813000.000000,service1
109.033813,109.000000,109.000000,109.000000,109.033813,33813000.000000,service1
112.033813,112.000000,112.000000,112.000000,112.033813,33813000.000000,service1
115.033813,115.000000,115.000000,115.000000,115.033813,33813000.000000,service1
118.033813,118.000000,118.000000,118.000000,118.033813,33813000.000000,service1
121.033813,121.000000,121.000000,121.000000,121.033813,33813000.000000,service1
124.033813,124.000000,124.000000,124.000000,124.033813,33813000.000000,service1
127.033813,127.000000,127.000000,127.000000,127.033813,33813000.000000,service1
130.033813,130.000000,130.000000,130.000000,130.033813,33813000.000000,service1
133.033813,133.000000,133.000000,133.000000,133.033813,33813000.000000,service1
136.033813,136.000000,136.000000,136.000000,136.033813,33813000.000000,service1
139.033813,139.000000,139.000000,139.000000,139.033813,33813000.000000,service1
142.033813,142.000000,142.000000,142.000000,142.033813,33813000.000000,service1
145.033813,145.000000,145.000000,145.000000,145.033813,33813000.000000,service1
148.033813,148.000000,148.000000,148.000000,148.033813,33813000.000000,service1
151.033813,151.000000,151.000000,151.000000,151.033813,33813000.000000,service1
154.033813,154.000000,154.000000,154.000000,154.033813,33813000.000000,service1
157.033813,157.000000,157.000000,157.000000,157.033813,33813000.000000,service1
160.033813,160.000000,160.000000,160.000000,160.033813,33813000.000000,service1
163.033813,163.000000,163.000000,163.000000,163.033813,33813000.000000,service1
166.033813,166.000000,166.000000,166.000000,166.033813,33813000.000000,service1
169.033813,169.000000,169.000000,169.000000,169.033813,33813000.000000,service1
172.033813,172.000000,172.000000,172.000000,172.033813,33813000.000000,service1
175.033813,175.000000,175.000000,175.000000,175.033813,33813000.000000,service1
178.033813,178.000000,178.000000,178.000000,178.033813,33813000.000000,service1
181.033813,181.000000,181.000000,181.000000,181.033813,33813000.000000,service1
184.033813,184.000000,184.000000,184.000000,184.033813,33813000.000000,service1
187.033813,187.000000,187.000000,187.000000,187.033813,33813000.000000,service1
190.033813,190.000000,190.000000,190.000000,190.033813,33813000.000000,service1
193.033813,193.000000,193.000000,193.000000,193.033813,33813000.000000,service1
196.033813,196.000000,196.000000,196.000000,196.033813,33813000.000000,service1
199.033813,199.000000,199.000000,199.000000,199.033813,33813000.000000,service1
202.033813,202.000000,202.000000,202.000000,202.033813,33813000.000000,service1
205.033813,205.000000,205.000000,205.000000,205.033813,33813000.000000,service1
208.033813,208.000000,208.000000,208.000000,208.033813,33813000.000000,service1
211.033813,211.000000,211.000000,211.000000,211.033813,33813000.000000,service1
214.033813,214.000000,214.000000,214.000000,214.033813,33813000.000000,service1
217.033813,217.000000,217.000000,217.000000,217.033813,33813000.000000,service1
220.033813,220.000000,220.000000,220.000000,220.033813,33813000.000000,service1
223.033813,223.000000,223.000000,223.000000,223.033813,33813000.000000,service1
226.033813,226.000000,226.000000,226.000000,226.033813,33813000.000000,service1
229.033813,229.000000,229.000000,229.000000,229.033813,33813000.000000,service1
232.033813,232.000000,232.000000,232.000000,232.033813,33813000.000000,service1
235.033813,235.000000,235.000000,235.000000,235.033813,33813000.000000,service1
238.033813,238.000000,238.000000,238.000000,238.033813,33813000.000000,service1
241.033813,241.000000,241.000000,241.000000,241.033813,33813000.000000,service1
244.033813,244.000000,244.000000,244.000000,244.033813,33813000.000000,service1
247.033813,247.000000,247.000000,247.000000,247.033813,33813000.000000,service1
250.033813,250.000000,250.000000,250.000000,250.033813,33813000.000000,service1
253.033813,253.000000,253.000000,253.000000,253.033813,33813000.000000,service1
256.033813,256.000000,256.000000,256.000000,256.033813,33813000.000000,service1
259.033813,259.000000,259.000000,259.000000,259.033813,33813000.000000,service1
262.033813,262.000000,262.000000,262.000000,262.033813,33813000.000000,service1
265.033813,265.000000,265.000000,265.000000,265.033813,33813000.000000,service1
268.033813,268.000000,268.000000,268.000000,268.033813,33813000.000000,service1
271.033813,271.000000,271.000000,271.000000,271.033813,33813000.000000,service1
274.033813,274.000000,274.000000,274.000000,274.033813,33813000.000000,service1
277.033813,277.000000,277.000000,277.000000,277.033813,33813000.000000,service1
280.033813,280.000000,280.000000,280.000000,280.033813,33813000.000000,service1
283.033813,283.000000,283.000000,283.000000,283.033813,33813000.000000,service1
286.033813,286.000000,286.000000,286.000000,286.033813,33813000.000000,service1
289.033813,289.000000,289.000000,289.000000,289.033813,33813000.000000,service1
292.033813,292.000000,292.000000,292.000000,292.033813,33813000.000000,service1
295.033813,295.000000,295.000000,295.000000,295.033813,33813000.000000,service1
298.033813,298.000000,298.000000,298.000000,298.033813,33813000.000000,service1
