id,ts,service, txDur, servDur,wait,nbIter
exp1,1614161585.6491897,compute,0.002234935760498047,0.0440068244934082,0.0006227493286132812,1100000
exp1,1614161588.6522286,compute,0.0024566650390625,0.04429197311401367,0.0005526542663574219,1100000
exp1,1614161591.6413624,compute,0.002209186553955078,0.03360438346862793,0.0005128383636474609,1100000
exp1,1614161594.646538,compute,0.0013725757598876953,0.04022359848022461,0.0002865791320800781,1100000
exp1,1614161597.6449823,compute,0.0020334720611572266,0.037456512451171875,0.0004775524139404297,1100000
exp1,1614161600.6439564,compute,0.0019135475158691406,0.03687548637390137,0.0004818439483642578,1100000
exp1,1614161603.6410363,compute,0.0020279884338378906,0.03410220146179199,0.0004558563232421875,1100000
exp1,1614161606.6445985,compute,0.0023567676544189453,0.03778338432312012,0.0005130767822265625,1100000
exp1,1614161609.6401994,compute,0.0009999275207519531,0.03487539291381836,0.00023126602172851562,1100000
exp1,1614161612.6405747,compute,0.002043008804321289,0.03297901153564453,0.0005064010620117188,1100000
exp1,1614161615.6442094,compute,0.002019166946411133,0.03665804862976074,0.0004792213439941406,1100000
exp1,1614161618.6397197,compute,0.002209901809692383,0.03371477127075195,0.00048661231994628906,1100000
exp1,1614161621.6445398,compute,0.002239227294921875,0.03724479675292969,0.0005409717559814453,1100000
exp1,1614161624.6427948,compute,0.0019872188568115234,0.03627943992614746,0.00044155120849609375,1100000
exp1,1614161627.6408126,compute,0.0021791458129882812,0.033075571060180664,0.0004646778106689453,1100000
exp1,1614161630.6480083,compute,0.0017514228820800781,0.04082155227661133,0.0004837512969970703,1100000
exp1,1614161633.6416495,compute,0.002039670944213867,0.034033775329589844,0.0005040168762207031,1100000
exp1,1614161636.6454804,compute,0.0023152828216552734,0.037697553634643555,0.0004954338073730469,1100000
exp1,1614161639.6430871,compute,0.001970052719116211,0.03618192672729492,0.0004019737243652344,1100000
exp1,1614161642.6497996,compute,0.0019588470458984375,0.04230356216430664,0.0005259513854980469,1100000
exp1,1614161645.6373577,compute,0.0012633800506591797,0.03075695037841797,0.00025272369384765625,1100000
exp1,1614161648.6442864,compute,0.002054929733276367,0.03667569160461426,0.0004658699035644531,1100000
exp1,1614161651.6414707,compute,0.0013475418090820312,0.03470969200134277,0.0002663135528564453,1100000
exp1,1614161654.640812,compute,0.0019240379333496094,0.033461809158325195,0.0004839897155761719,1100000
exp1,1614161657.6316278,compute,0.0007064342498779297,0.026287317276000977,0.0001881122589111328,1100000
exp1,1614161660.641407,compute,0.002004861831665039,0.03386735916137695,0.0005042552947998047,1100000
exp1,1614161663.6412644,compute,0.0020198822021484375,0.03433418273925781,0.0005154609680175781,1100000
exp1,1614161666.6437945,compute,0.0020089149475097656,0.03625941276550293,0.0005173683166503906,1100000
exp1,1614161669.6489794,compute,0.001986265182495117,0.04150128364562988,0.0005471706390380859,1100000
exp1,1614161672.6399038,compute,0.002022266387939453,0.03317570686340332,0.0004425048828125,1100000
exp1,1614161675.638994,compute,0.0017514228820800781,0.032398223876953125,0.0004906654357910156,1100000
exp1,1614161678.6430135,compute,0.0019037723541259766,0.03617095947265625,0.0004949569702148438,1100000
exp1,1614161681.639814,compute,0.0021495819091796875,0.032804250717163086,0.00046539306640625,1100000
exp1,1614161684.6642187,compute,0.002241373062133789,0.057416439056396484,0.00044989585876464844,1100000
exp1,1614161687.6428146,compute,0.0016148090362548828,0.035800933837890625,0.00035953521728515625,1100000
exp1,1614161690.6581426,compute,0.0012202262878417969,0.05156397819519043,0.0002627372741699219,1100000
exp1,1614161693.6355512,compute,0.0007975101470947266,0.030089139938354492,0.0001919269561767578,1100000
exp1,1614161696.6621776,compute,0.001894235610961914,0.055144309997558594,0.00038170814514160156,1100000
exp1,1614161699.6403422,compute,0.002022981643676758,0.03292131423950195,0.00045490264892578125,1100000
exp1,1614161702.6427655,compute,0.001990079879760742,0.03529024124145508,0.0004761219024658203,1100000
exp1,1614161705.6639948,compute,0.002106189727783203,0.056409597396850586,0.0004801750183105469,1100000
exp1,1614161708.6489816,compute,0.0010764598846435547,0.04256868362426758,0.00028133392333984375,1100000
exp1,1614161711.6371922,compute,0.0012950897216796875,0.030490636825561523,0.0002319812774658203,1100000
exp1,1614161714.6403177,compute,0.0011668205261230469,0.033739566802978516,0.00021004676818847656,1100000
exp1,1614161717.6377332,compute,0.0011906623840332031,0.03113698959350586,0.0002415180206298828,1100000
exp1,1614161720.6365674,compute,0.0009810924530029297,0.03087449073791504,0.00023984909057617188,1100000
exp1,1614161723.6511233,compute,0.0009186267852783203,0.04550337791442871,0.00021910667419433594,1100000
exp1,1614161726.6402924,compute,0.0021257400512695312,0.033275604248046875,0.0005364418029785156,1100000
exp1,1614161729.6456072,compute,0.006837368011474609,0.0338437557220459,0.00022864341735839844,1100000
exp1,1614161732.639035,compute,0.002351522445678711,0.03112959861755371,0.00047779083251953125,1100000
exp1,1614161735.6403027,compute,0.0015332698822021484,0.03338980674743652,0.00035643577575683594,1100000
exp1,1614161738.6475186,compute,0.002139568328857422,0.03981447219848633,0.0004904270172119141,1100000
exp1,1614161741.6446748,compute,0.002106189727783203,0.036904335021972656,0.00047469139099121094,1100000
exp1,1614161744.6484854,compute,0.0021982192993164062,0.040708065032958984,0.0004878044128417969,1100000
exp1,1614161747.6635892,compute,0.0020761489868164062,0.056050777435302734,0.0005028247833251953,1100000
exp1,1614161750.6660554,compute,0.002058744430541992,0.05903792381286621,0.0005106925964355469,1100000
exp1,1614161753.646444,compute,0.0021800994873046875,0.03941226005554199,0.0005211830139160156,1100000
exp1,1614161756.6447904,compute,0.002047300338745117,0.03719758987426758,0.00048732757568359375,1100000
exp1,1614161759.6443453,compute,0.0020439624786376953,0.03676605224609375,0.0005021095275878906,1100000
exp1,1614161762.641724,compute,0.0024476051330566406,0.033747196197509766,0.0004982948303222656,1100000
exp1,1614161765.659949,compute,0.001657247543334961,0.053411006927490234,0.00044417381286621094,1100000
exp1,1614161768.6472096,compute,0.0019407272338867188,0.04036378860473633,0.00048828125,1100000
exp1,1614161771.6668196,compute,0.002673625946044922,0.05920767784118652,0.0005254745483398438,1100000
exp1,1614161774.6448379,compute,0.002270936965942383,0.03780317306518555,0.00045490264892578125,1100000
exp1,1614161777.6406834,compute,0.002025604248046875,0.0329740047454834,0.0004906654357910156,1100000
exp1,1614161780.6644757,compute,0.002073049545288086,0.05686306953430176,0.0005183219909667969,1100000
exp1,1614161783.6469162,compute,0.002217531204223633,0.03912186622619629,0.0005548000335693359,1100000
exp1,1614161786.6656528,compute,0.002226114273071289,0.05781435966491699,0.0005519390106201172,1100000
exp1,1614161789.664373,compute,0.002228260040283203,0.057207345962524414,0.0004973411560058594,1100000
exp1,1614161792.6627443,compute,0.0019137859344482422,0.05597949028015137,0.0004544258117675781,1100000
exp1,1614161795.6444187,compute,0.0021266937255859375,0.03714156150817871,0.0005025863647460938,1100000
exp1,1614161798.6686456,compute,0.0022797584533691406,0.06082797050476074,0.0004868507385253906,1100000
exp1,1614161801.6397562,compute,0.0020852088928222656,0.03277111053466797,0.0005617141723632812,1100000
exp1,1614161804.6447163,compute,0.0019505023956298828,0.03722405433654785,0.00048041343688964844,1100000
exp1,1614161807.6452124,compute,0.0021588802337646484,0.0381467342376709,0.0005524158477783203,1100000
exp1,1614161810.667936,compute,0.0024406909942626953,0.06133008003234863,0.0005011558532714844,1100000
exp1,1614161813.6636236,compute,0.001886606216430664,0.056870222091674805,0.0004801750183105469,1100000
exp1,1614161816.653107,compute,0.0020208358764648438,0.04555177688598633,0.00048160552978515625,1100000
exp1,1614161819.6571538,compute,0.0020475387573242188,0.04962325096130371,0.00048232078552246094,1100000
exp1,1614161822.6415112,compute,0.0025980472564697266,0.033379316329956055,0.0005426406860351562,1100000
exp1,1614161825.6708148,compute,0.0019659996032714844,0.06396484375,0.0005300045013427734,1100000
exp1,1614161828.6496851,compute,0.002265453338623047,0.042482852935791016,0.0005924701690673828,1100000
exp1,1614161831.6433663,compute,0.0021271705627441406,0.03634476661682129,0.0005285739898681641,1100000
exp1,1614161834.641575,compute,0.002351045608520508,0.034308433532714844,0.0005688667297363281,1100000
exp1,1614161837.6412776,compute,0.0021495819091796875,0.033664703369140625,0.0005247592926025391,1100000
exp1,1614161840.6523209,compute,0.0022852420806884766,0.044496774673461914,0.0006093978881835938,1100000
exp1,1614161843.6544583,compute,0.002117633819580078,0.046743154525756836,0.0005526542663574219,1100000
exp1,1614161846.6403198,compute,0.0022270679473876953,0.0330507755279541,0.0005762577056884766,1100000
exp1,1614161849.6549463,compute,0.0021729469299316406,0.04792141914367676,0.0006051063537597656,1100000
exp1,1614161852.6406915,compute,0.002078533172607422,0.03308248519897461,0.000537872314453125,1100000
exp1,1614161855.6401048,compute,0.0020914077758789062,0.032526254653930664,0.0005414485931396484,1100000
exp1,1614161858.6700096,compute,0.002089977264404297,0.06237220764160156,0.0005328655242919922,1100000
exp1,1614161861.642348,compute,0.0019609928131103516,0.03556537628173828,0.0005102157592773438,1100000
exp1,1614161864.6441123,compute,0.001990079879760742,0.03726387023925781,0.0004911422729492188,1100000
exp1,1614161867.6616786,compute,0.0019030570983886719,0.054929256439208984,0.0005495548248291016,1100000
exp1,1614161870.639738,compute,0.001990795135498047,0.032849788665771484,0.000438690185546875,1100000
exp1,1614161873.6643972,compute,0.0019800662994384766,0.05752277374267578,0.0005152225494384766,1100000
exp1,1614161876.6474142,compute,0.0021026134490966797,0.04043316841125488,0.0005576610565185547,1100000
exp1,1614161879.642723,compute,0.002111673355102539,0.036925315856933594,0.0004763603210449219,1100000
exp2,1614161585.7364907,compute,0.0011208057403564453,0.03818154335021973,0.00029349327087402344,1100000
exp2,1614161588.7560647,compute,0.002294301986694336,0.0548250675201416,0.0005266666412353516,1100000
exp2,1614161591.755734,compute,0.001699209213256836,0.05519819259643555,0.0003807544708251953,1100000
exp2,1614161594.7625096,compute,0.0012896060943603516,0.061821699142456055,0.0003399848937988281,1100000
exp2,1614161597.7440875,compute,0.001964092254638672,0.04315781593322754,0.0004546642303466797,1100000
exp2,1614161600.7328854,compute,0.0014216899871826172,0.032611846923828125,0.00033473968505859375,1100000
exp2,1614161603.7537272,compute,0.0014941692352294922,0.0527796745300293,0.00033545494079589844,1100000
exp2,1614161606.76051,compute,0.0012981891632080078,0.060308218002319336,0.0003101825714111328,1100000
exp2,1614161609.7394722,compute,0.0014345645904541016,0.03910040855407715,0.00038743019104003906,1100000
exp2,1614161612.7324834,compute,0.001463174819946289,0.03214907646179199,0.00032067298889160156,1100000
exp2,1614161615.7318113,compute,0.0011713504791259766,0.03177046775817871,0.0003018379211425781,1100000
exp2,1614161618.7318652,compute,0.0012679100036621094,0.031171083450317383,0.0002770423889160156,1100000
exp2,1614161621.7339184,compute,0.00197601318359375,0.03239297866821289,0.000438690185546875,1100000
exp2,1614161624.7300842,compute,0.0010995864868164062,0.03026103973388672,0.0002529621124267578,1100000
exp2,1614161627.7334557,compute,0.0019497871398925781,0.032472848892211914,0.0005304813385009766,1100000
exp2,1614161630.7341301,compute,0.0011811256408691406,0.03353404998779297,0.00025534629821777344,1100000
exp2,1614161633.7562807,compute,0.001924753189086914,0.054904937744140625,0.0004680156707763672,1100000
exp2,1614161636.754821,compute,0.0011785030364990234,0.05435752868652344,0.0003185272216796875,1100000
exp2,1614161639.75222,compute,0.0014081001281738281,0.052019357681274414,0.0003426074981689453,1100000
exp2,1614161642.7478104,compute,0.0010585784912109375,0.04788017272949219,0.00022411346435546875,1100000
exp2,1614161645.755515,compute,0.0015006065368652344,0.0551304817199707,0.0004222393035888672,1100000
exp2,1614161648.7525778,compute,0.0013196468353271484,0.05245089530944824,0.0002570152282714844,1100000
exp2,1614161651.7328322,compute,0.0013968944549560547,0.03199577331542969,0.0003139972686767578,1100000
exp2,1614161654.7555563,compute,0.0014271736145019531,0.05529427528381348,0.0003383159637451172,1100000
exp2,1614161657.722688,compute,0.0006434917449951172,0.02296757698059082,0.00017714500427246094,1100000
exp2,1614161660.7359428,compute,0.0015478134155273438,0.03545427322387695,0.00040602684020996094,1100000
exp2,1614161663.752814,compute,0.0014238357543945312,0.05260205268859863,0.0003440380096435547,1100000
exp2,1614161666.752037,compute,0.0014274120330810547,0.05178952217102051,0.0003237724304199219,1100000
exp2,1614161669.739293,compute,0.0013325214385986328,0.03847527503967285,0.0002765655517578125,1100000
exp2,1614161672.7319608,compute,0.001252889633178711,0.031263113021850586,0.0002810955047607422,1100000
exp2,1614161675.753764,compute,0.0013973712921142578,0.052918195724487305,0.0003485679626464844,1100000
exp2,1614161678.7506447,compute,0.0012688636779785156,0.05051279067993164,0.00026106834411621094,1100000
exp2,1614161681.7515175,compute,0.0013742446899414062,0.051323890686035156,0.00035881996154785156,1100000
exp2,1614161684.7244031,compute,0.0009951591491699219,0.024466753005981445,0.00021219253540039062,1100000
exp2,1614161687.7533157,compute,0.001537322998046875,0.05287361145019531,0.0003364086151123047,1100000
exp2,1614161690.7244427,compute,0.0008721351623535156,0.02417731285095215,0.00022125244140625,1100000
exp2,1614161693.7577085,compute,0.0019283294677734375,0.05637359619140625,0.0004911422729492188,1100000
exp2,1614161696.723553,compute,0.0008215904235839844,0.023369550704956055,0.00021219253540039062,1100000
exp2,1614161699.7336113,compute,0.0017848014831542969,0.0325624942779541,0.0004885196685791016,1100000
exp2,1614161702.7319555,compute,0.0013911724090576172,0.03178119659423828,0.0003437995910644531,1100000
exp2,1614161705.727817,compute,0.0009796619415283203,0.027719497680664062,0.00021195411682128906,1100000
exp2,1614161708.774218,compute,0.002405405044555664,0.07244658470153809,0.00048065185546875,1100000
exp2,1614161711.7540524,compute,0.0013141632080078125,0.05392122268676758,0.0003085136413574219,1100000
exp2,1614161714.7327678,compute,0.0013315677642822266,0.03256726264953613,0.00024390220642089844,1100000
exp2,1614161717.7569387,compute,0.0014247894287109375,0.05604958534240723,0.0003292560577392578,1100000
exp2,1614161720.7530887,compute,0.0013217926025390625,0.05284929275512695,0.00030303001403808594,1100000
exp2,1614161723.7511096,compute,0.0012135505676269531,0.051035404205322266,0.00027108192443847656,1100000
exp2,1614161726.7537184,compute,0.0013256072998046875,0.052904605865478516,0.0002963542938232422,1100000
exp2,1614161729.7282443,compute,0.0009086132049560547,0.028559446334838867,0.0002574920654296875,1100000
exp2,1614161732.7327476,compute,0.0015709400177001953,0.03232932090759277,0.0003921985626220703,1100000
exp2,1614161735.732813,compute,0.001417398452758789,0.031934499740600586,0.0003230571746826172,1100000
exp2,1614161738.7348309,compute,0.0010991096496582031,0.03504610061645508,0.000270843505859375,1100000
exp2,1614161741.7306392,compute,0.0011639595031738281,0.030201435089111328,0.000270843505859375,1100000
exp2,1614161744.7407022,compute,0.001008749008178711,0.04099702835083008,0.00022292137145996094,1100000
exp2,1614161747.7343934,compute,0.0009171962738037109,0.03401994705200195,0.00021910667419433594,1100000
exp2,1614161750.7241094,compute,0.0007982254028320312,0.023775577545166016,0.00019049644470214844,1100000
exp2,1614161753.746391,compute,0.0009927749633789062,0.04616951942443848,0.0002720355987548828,1100000
exp2,1614161756.748698,compute,0.0013055801391601562,0.04814314842224121,0.0002803802490234375,1100000
exp2,1614161759.749354,compute,0.0011739730834960938,0.04932713508605957,0.00021910667419433594,1100000
exp2,1614161762.733349,compute,0.0014722347259521484,0.0330660343170166,0.0003292560577392578,1100000
exp2,1614161765.7259574,compute,0.0008356571197509766,0.025588512420654297,0.00019073486328125,1100000
exp2,1614161768.7395232,compute,0.0011138916015625,0.04050087928771973,0.0002536773681640625,1100000
exp2,1614161771.7549129,compute,0.001972675323486328,0.05350661277770996,0.00048470497131347656,1100000
exp2,1614161774.75777,compute,0.0014688968658447266,0.05740547180175781,0.0003104209899902344,1100000
exp2,1614161777.730647,compute,0.0011639595031738281,0.030095577239990234,0.0002589225769042969,1100000
exp2,1614161780.7243612,compute,0.0008480548858642578,0.024036407470703125,0.00018310546875,1100000
exp2,1614161783.7499158,compute,0.0011725425720214844,0.049405813217163086,0.0002696514129638672,1100000
exp2,1614161786.723727,compute,0.0008347034454345703,0.02344346046447754,0.00020432472229003906,1100000
exp2,1614161789.7246294,compute,0.0008451938629150391,0.02447199821472168,0.0002460479736328125,1100000
exp2,1614161792.7235887,compute,0.0008373260498046875,0.023498058319091797,0.000171661376953125,1100000
exp2,1614161795.7530413,compute,0.0014371871948242188,0.052366018295288086,0.00031876564025878906,1100000
exp2,1614161798.7267869,compute,0.0006694793701171875,0.027307987213134766,0.0001850128173828125,1100000
exp2,1614161801.7515142,compute,0.0013396739959716797,0.05139589309692383,0.00032711029052734375,1100000
exp2,1614161804.7267141,compute,0.0007734298706054688,0.027156591415405273,0.00017404556274414062,1100000
exp2,1614161807.7333038,compute,0.0010254383087158203,0.03360748291015625,0.0002474784851074219,1100000
exp2,1614161810.7232704,compute,0.0006804466247558594,0.023485183715820312,0.00017547607421875,1100000
exp2,1614161813.7283292,compute,0.0008985996246337891,0.02813887596130371,0.00019884109497070312,1100000
exp2,1614161816.7531283,compute,0.0011851787567138672,0.05263471603393555,0.0002529621124267578,1100000
exp2,1614161819.748421,compute,0.001299142837524414,0.0477907657623291,0.000278472900390625,1100000
exp2,1614161822.7327933,compute,0.0012979507446289062,0.032027244567871094,0.0003342628479003906,1100000
exp2,1614161825.7273712,compute,0.0008482933044433594,0.027080297470092773,0.0001723766326904297,1100000
exp2,1614161828.7351816,compute,0.0010666847229003906,0.034815311431884766,0.00022077560424804688,1100000
exp2,1614161831.73008,compute,0.0010678768157958984,0.02983713150024414,0.00029754638671875,1100000
exp2,1614161834.7528365,compute,0.0015759468078613281,0.05241847038269043,0.00034046173095703125,1100000
exp2,1614161837.7577488,compute,0.0014679431915283203,0.057366371154785156,0.0003654956817626953,1100000
exp2,1614161840.7306705,compute,0.001087188720703125,0.030685901641845703,0.0002608299255371094,1100000
exp2,1614161843.7388647,compute,0.0010285377502441406,0.038419246673583984,0.0002484321594238281,1100000
exp2,1614161846.749148,compute,0.001375436782836914,0.048258066177368164,0.0003402233123779297,1100000
exp2,1614161849.7452707,compute,0.0008025169372558594,0.04569244384765625,0.000194549560546875,1100000
exp2,1614161852.7299235,compute,0.0013799667358398438,0.031100988388061523,0.00029397010803222656,1100000
exp2,1614161855.75129,compute,0.0014123916625976562,0.05100560188293457,0.0003292560577392578,1100000
exp2,1614161858.7295496,compute,0.0009636878967285156,0.029759883880615234,0.000209808349609375,1100000
exp2,1614161861.7452943,compute,0.0011396408081054688,0.045363426208496094,0.000278472900390625,1100000
exp2,1614161864.7442143,compute,0.0013270378112792969,0.04644012451171875,0.00028634071350097656,1100000
exp2,1614161867.727233,compute,0.0010509490966796875,0.026754140853881836,0.00020575523376464844,1100000
exp2,1614161870.7530327,compute,0.0015146732330322266,0.05482006072998047,0.0003705024719238281,1100000
exp2,1614161873.7238932,compute,0.0008752346038818359,0.024147987365722656,0.0002079010009765625,1100000
exp2,1614161876.7535632,compute,0.0018315315246582031,0.05292248725891113,0.00042891502380371094,1100000
exp2,1614161879.7575183,compute,0.0014903545379638672,0.056667327880859375,0.00032639503479003906,1100000
exp3,1614161585.8444529,compute,0.00160980224609375,0.033704519271850586,0.00041866302490234375,1100000
exp3,1614161588.8437076,compute,0.001051187515258789,0.03383445739746094,0.00021839141845703125,1100000
exp3,1614161591.849415,compute,0.0012021064758300781,0.0374600887298584,0.000225067138671875,1100000
exp3,1614161594.8541837,compute,0.0010082721710205078,0.04223060607910156,0.0002117156982421875,1100000
exp3,1614161597.8456113,compute,0.0009603500366210938,0.03379368782043457,0.0002512931823730469,1100000
exp3,1614161600.8666635,compute,0.0019330978393554688,0.055708885192871094,0.0004177093505859375,1100000
exp3,1614161603.8498573,compute,0.0010395050048828125,0.03773331642150879,0.00022602081298828125,1100000
exp3,1614161606.8484461,compute,0.0009906291961669922,0.03640580177307129,0.00022673606872558594,1100000
exp3,1614161609.871138,compute,0.0015516281127929688,0.05832409858703613,0.0003521442413330078,1100000
exp3,1614161612.8662,compute,0.0018901824951171875,0.05546689033508301,0.0004546642303466797,1100000
exp3,1614161615.8687565,compute,0.0018641948699951172,0.05548429489135742,0.0004906654357910156,1100000
exp3,1614161618.8685663,compute,0.001934051513671875,0.0557551383972168,0.00045990943908691406,1100000
exp3,1614161621.8353229,compute,0.0008523464202880859,0.023524761199951172,0.00022530555725097656,1100000
exp3,1614161624.8641548,compute,0.0012176036834716797,0.05407404899597168,0.0003180503845214844,1100000
exp3,1614161627.8686588,compute,0.0017385482788085938,0.055513620376586914,0.0004410743713378906,1100000
exp3,1614161630.8711638,compute,0.0012691020965576172,0.05880999565124512,0.000308990478515625,1100000
exp3,1614161633.8500018,compute,0.0009157657623291016,0.03818202018737793,0.000240325927734375,1100000
exp3,1614161636.8507643,compute,0.0011172294616699219,0.0387265682220459,0.0002498626708984375,1100000
exp3,1614161639.8439987,compute,0.0008325576782226562,0.031873464584350586,0.00021195411682128906,1100000
exp3,1614161642.8636808,compute,0.0009789466857910156,0.0514216423034668,0.00022840499877929688,1100000
exp3,1614161645.849105,compute,0.0009548664093017578,0.03733968734741211,0.00023031234741210938,1100000
exp3,1614161648.8671765,compute,0.0021877288818359375,0.0560603141784668,0.0004904270172119141,1100000
exp3,1614161651.8686125,compute,0.0020182132720947266,0.055678367614746094,0.0004889965057373047,1100000
exp3,1614161654.848856,compute,0.0009171962738037109,0.03715181350708008,0.00025725364685058594,1100000
exp3,1614161657.8393862,compute,0.0006279945373535156,0.028111696243286133,0.00015997886657714844,1100000
exp3,1614161660.8691525,compute,0.0018448829650878906,0.05637860298156738,0.00045943260192871094,1100000
exp3,1614161663.847473,compute,0.0009999275207519531,0.035396575927734375,0.00021910667419433594,1100000
exp3,1614161666.8454561,compute,0.0009565353393554688,0.0335385799407959,0.00018072128295898438,1100000
exp3,1614161669.874086,compute,0.0017883777618408203,0.06139206886291504,0.00045418739318847656,1100000
exp3,1614161672.8676355,compute,0.0019328594207763672,0.054770708084106445,0.00044727325439453125,1100000
exp3,1614161675.8490596,compute,0.0009691715240478516,0.03729605674743652,0.00023889541625976562,1100000
exp3,1614161678.8614633,compute,0.0012149810791015625,0.04892230033874512,0.0002589225769042969,1100000
exp3,1614161681.842681,compute,0.0010831356048583984,0.03037714958190918,0.0002739429473876953,1100000
exp3,1614161684.8685782,compute,0.0019915103912353516,0.05567312240600586,0.00044608116149902344,1100000
exp3,1614161687.8684945,compute,0.0018231868743896484,0.0556635856628418,0.0004684925079345703,1100000
exp3,1614161690.866266,compute,0.0013661384582519531,0.05407834053039551,0.00032258033752441406,1100000
exp3,1614161693.8462517,compute,0.0020461082458496094,0.03321671485900879,0.00045752525329589844,1100000
exp3,1614161696.866562,compute,0.0017273426055908203,0.055837154388427734,0.0004286766052246094,1100000
exp3,1614161699.868783,compute,0.0019376277923583984,0.05543184280395508,0.00047898292541503906,1100000
exp3,1614161702.8683271,compute,0.0016222000122070312,0.05538201332092285,0.00039386749267578125,1100000
exp3,1614161705.8677094,compute,0.0014240741729736328,0.056147098541259766,0.00033855438232421875,1100000
exp3,1614161708.8431146,compute,0.0008559226989746094,0.03144335746765137,0.0001735687255859375,1100000
exp3,1614161711.8508894,compute,0.0011479854583740234,0.03894972801208496,0.00023436546325683594,1100000
exp3,1614161714.868719,compute,0.0018589496612548828,0.05561065673828125,0.0004622936248779297,1100000
exp3,1614161717.8431747,compute,0.0009455680847167969,0.03137683868408203,0.00023317337036132812,1100000
exp3,1614161720.8443446,compute,0.0018978118896484375,0.03348183631896973,0.0004360675811767578,1100000
exp3,1614161723.8658133,compute,0.0018897056579589844,0.05275845527648926,0.00046443939208984375,1100000
exp3,1614161726.8505924,compute,0.0009436607360839844,0.041393280029296875,0.0002639293670654297,1100000
exp3,1614161729.843951,compute,0.0012481212615966797,0.03202080726623535,0.0002765655517578125,1100000
exp3,1614161732.8455918,compute,0.001834869384765625,0.03276538848876953,0.00041365623474121094,1100000
exp3,1614161735.8688273,compute,0.0018551349639892578,0.05555558204650879,0.00044918060302734375,1100000
exp3,1614161738.842812,compute,0.0012359619140625,0.030216693878173828,0.0002658367156982422,1100000
exp3,1614161741.8364959,compute,0.0007178783416748047,0.02485346794128418,0.00017571449279785156,1100000
exp3,1614161744.8420472,compute,0.0011970996856689453,0.03210139274597168,0.00020623207092285156,1100000
exp3,1614161747.8663301,compute,0.0011985301971435547,0.0543212890625,0.00029659271240234375,1100000
exp3,1614161750.8616507,compute,0.0012433528900146484,0.04960441589355469,0.0002617835998535156,1100000
exp3,1614161753.8500898,compute,0.0010347366333007812,0.03775596618652344,0.0002396106719970703,1100000
exp3,1614161756.8400922,compute,0.0011065006256103516,0.0300753116607666,0.0002510547637939453,1100000
exp3,1614161759.8632734,compute,0.0011680126190185547,0.05080127716064453,0.00022101402282714844,1100000
exp3,1614161762.8440156,compute,0.001474142074584961,0.03172874450683594,0.00032019615173339844,1100000
exp3,1614161765.860897,compute,0.001191854476928711,0.048880577087402344,0.0002923011779785156,1100000
exp3,1614161768.858215,compute,0.0011205673217773438,0.04629039764404297,0.00025272369384765625,1100000
exp3,1614161771.8366473,compute,0.0009298324584960938,0.024350881576538086,0.00022935867309570312,1100000
exp3,1614161774.8504493,compute,0.0009791851043701172,0.04080057144165039,0.00022292137145996094,1100000
exp3,1614161777.8440087,compute,0.0011892318725585938,0.03156232833862305,0.00032138824462890625,1100000
exp3,1614161780.8695533,compute,0.0020661354064941406,0.058516502380371094,0.00044274330139160156,1100000
exp3,1614161783.8418977,compute,0.0011339187622070312,0.029887914657592773,0.00024175643920898438,1100000
exp3,1614161786.8662071,compute,0.0014905929565429688,0.053879737854003906,0.0003612041473388672,1100000
exp3,1614161789.8676007,compute,0.001356363296508789,0.05534839630126953,0.00033783912658691406,1100000
exp3,1614161792.8414278,compute,0.0012581348419189453,0.03134965896606445,0.00029730796813964844,1100000
exp3,1614161795.8531823,compute,0.0010995864868164062,0.0409395694732666,0.0002472400665283203,1100000
exp3,1614161798.8732152,compute,0.00182342529296875,0.06023883819580078,0.00036263465881347656,1100000
exp3,1614161801.83723,compute,0.0009744167327880859,0.025300025939941406,0.0002033710479736328,1100000
exp3,1614161804.8725214,compute,0.0020704269409179688,0.05949759483337402,0.0005233287811279297,1100000
exp3,1614161807.868736,compute,0.002014636993408203,0.05582284927368164,0.0004303455352783203,1100000
exp3,1614161810.8696117,compute,0.0014452934265136719,0.056989431381225586,0.00032210350036621094,1100000
exp3,1614161813.87119,compute,0.0015099048614501953,0.06139087677001953,0.00032019615173339844,1100000
exp3,1614161816.8531258,compute,0.0010135173797607422,0.041390180587768555,0.00019311904907226562,1100000
exp3,1614161819.8372138,compute,0.0011916160583496094,0.025328636169433594,0.00024366378784179688,1100000
exp3,1614161822.846839,compute,0.0021271705627441406,0.0335543155670166,0.0005278587341308594,1100000
exp3,1614161825.8753254,compute,0.0014259815216064453,0.06306791305541992,0.00034427642822265625,1100000
exp3,1614161828.8681579,compute,0.0017116069793701172,0.055561065673828125,0.00047206878662109375,1100000
exp3,1614161831.8762207,compute,0.0019488334655761719,0.06335997581481934,0.00045418739318847656,1100000
exp3,1614161834.8458805,compute,0.0009777545928955078,0.03410959243774414,0.00020813941955566406,1100000
exp3,1614161837.8381636,compute,0.0009577274322509766,0.02885890007019043,0.00024008750915527344,1100000
exp3,1614161840.8688982,compute,0.001413106918334961,0.05664229393005371,0.0003514289855957031,1100000
exp3,1614161843.8623266,compute,0.0011670589447021484,0.05029630661010742,0.00024390220642089844,1100000
exp3,1614161846.837725,compute,0.001070261001586914,0.02532029151916504,0.000270843505859375,1100000
exp3,1614161849.8660557,compute,0.0010631084442138672,0.05420398712158203,0.00022530555725097656,1100000
exp3,1614161852.8651848,compute,0.001800537109375,0.054520606994628906,0.0003731250762939453,1100000
exp3,1614161855.8376582,compute,0.001094818115234375,0.025237321853637695,0.00020766258239746094,1100000
exp3,1614161858.8748598,compute,0.0011970996856689453,0.06274557113647461,0.00026035308837890625,1100000
exp3,1614161861.8345244,compute,0.0006535053253173828,0.023052215576171875,0.0001556873321533203,1100000
exp3,1614161864.8542476,compute,0.0008826255798339844,0.044550418853759766,0.0001971721649169922,1100000
exp3,1614161867.8489602,compute,0.0018796920776367188,0.035726070404052734,0.00043272972106933594,1100000
exp3,1614161870.8685818,compute,0.0016834735870361328,0.0560612678527832,0.00041174888610839844,1100000
exp3,1614161873.866718,compute,0.001859426498413086,0.053534746170043945,0.00044035911560058594,1100000
exp3,1614161876.8350277,compute,0.0008985996246337891,0.02530980110168457,0.0002129077911376953,1100000
exp3,1614161879.8559961,compute,0.0010387897491455078,0.04381847381591797,0.000274658203125,1100000
exp4,1614161586.1042266,compute,0.0025773048400878906,0.05763697624206543,0.0006461143493652344,1100000
exp4,1614161589.104972,compute,0.002452850341796875,0.05659961700439453,0.0005235671997070312,1100000
exp4,1614161592.1053612,compute,0.0025665760040283203,0.05672907829284668,0.0004742145538330078,1100000
exp4,1614161595.09326,compute,0.0021216869354248047,0.04500699043273926,0.0004968643188476562,1100000
exp4,1614161598.109992,compute,0.0022695064544677734,0.0615384578704834,0.0005331039428710938,1100000
exp4,1614161601.1063554,compute,0.002143383026123047,0.05919504165649414,0.0005083084106445312,1100000
exp4,1614161604.0855324,compute,0.0020017623901367188,0.03763532638549805,0.0004928112030029297,1100000
exp4,1614161607.089224,compute,0.0021469593048095703,0.04084920883178711,0.0005359649658203125,1100000
exp4,1614161610.1065886,compute,0.0012972354888916016,0.05949544906616211,0.0003409385681152344,1100000
exp4,1614161613.105325,compute,0.002134561538696289,0.05814099311828613,0.0005018711090087891,1100000
exp4,1614161616.1052318,compute,0.0019969940185546875,0.0570530891418457,0.0004947185516357422,1100000
exp4,1614161619.1058688,compute,0.0021245479583740234,0.05758357048034668,0.0005333423614501953,1100000
exp4,1614161622.1052434,compute,0.0021123886108398438,0.05696678161621094,0.0004985332489013672,1100000
exp4,1614161625.1054196,compute,0.0019335746765136719,0.05728435516357422,0.0005207061767578125,1100000
exp4,1614161628.1050172,compute,0.0019159317016601562,0.05724954605102539,0.0005040168762207031,1100000
exp4,1614161631.0727785,compute,0.0007326602935791016,0.02719259262084961,0.00018334388732910156,1100000
exp4,1614161634.1047647,compute,0.002107381820678711,0.05768418312072754,0.0005218982696533203,1100000
exp4,1614161637.1038184,compute,0.002293825149536133,0.0565037727355957,0.0005643367767333984,1100000
exp4,1614161640.0845618,compute,0.0021305084228515625,0.03628897666931152,0.0005376338958740234,1100000
exp4,1614161643.0893135,compute,0.0019369125366210938,0.04331612586975098,0.000484466552734375,1100000
exp4,1614161646.102606,compute,0.002141237258911133,0.05554604530334473,0.0005323886871337891,1100000
exp4,1614161649.1038055,compute,0.002212047576904297,0.05777597427368164,0.0005235671997070312,1100000
exp4,1614161652.1052792,compute,0.0021567344665527344,0.05694007873535156,0.0005440711975097656,1100000
exp4,1614161655.1047935,compute,0.0021326541900634766,0.056752681732177734,0.0005402565002441406,1100000
exp4,1614161658.1057577,compute,0.0020945072174072266,0.05768299102783203,0.00051116943359375,1100000
exp4,1614161661.104872,compute,0.0013561248779296875,0.057750701904296875,0.0003025531768798828,1100000
exp4,1614161664.1031308,compute,0.0014598369598388672,0.05559873580932617,0.00028896331787109375,1100000
exp4,1614161667.103977,compute,0.002079486846923828,0.055930376052856445,0.0005223751068115234,1100000
exp4,1614161670.1081681,compute,0.001890420913696289,0.060158729553222656,0.0004432201385498047,1100000
exp4,1614161673.105804,compute,0.0020356178283691406,0.05774283409118652,0.00045371055603027344,1100000
exp4,1614161676.0938518,compute,0.0011506080627441406,0.04680585861206055,0.00025010108947753906,1100000
exp4,1614161679.1066105,compute,0.0018322467803955078,0.058922529220581055,0.0004563331604003906,1100000
exp4,1614161682.085507,compute,0.000804901123046875,0.03994297981262207,0.00022101402282714844,1100000
exp4,1614161685.1037645,compute,0.0019059181213378906,0.05689263343811035,0.00047850608825683594,1100000
exp4,1614161688.0816915,compute,0.0008034706115722656,0.03511500358581543,0.00020074844360351562,1100000
exp4,1614161691.1078894,compute,0.0018155574798583984,0.06119966506958008,0.00048089027404785156,1100000
exp4,1614161694.1080747,compute,0.0020859241485595703,0.05983448028564453,0.0005133152008056641,1100000
exp4,1614161697.0864394,compute,0.002075672149658203,0.03818917274475098,0.000522613525390625,1100000
exp4,1614161700.107531,compute,0.0019609928131103516,0.05944681167602539,0.00042724609375,1100000
exp4,1614161703.082345,compute,0.002165555953979492,0.034175872802734375,0.0005197525024414062,1100000
exp4,1614161706.0806398,compute,0.0020792484283447266,0.03367900848388672,0.0005202293395996094,1100000
exp4,1614161709.1125727,compute,0.0021152496337890625,0.06539559364318848,0.0005440711975097656,1100000
exp4,1614161712.1077383,compute,0.0025107860565185547,0.0590360164642334,0.0005221366882324219,1100000
exp4,1614161715.1047225,compute,0.0020143985748291016,0.05651140213012695,0.0005598068237304688,1100000
exp4,1614161718.1066184,compute,0.0023794174194335938,0.05917835235595703,0.000606536865234375,1100000
exp4,1614161721.1028883,compute,0.0020341873168945312,0.05582547187805176,0.0005068778991699219,1100000
exp4,1614161724.108679,compute,0.0021135807037353516,0.061615705490112305,0.0005247592926025391,1100000
exp4,1614161727.1067545,compute,0.0021088123321533203,0.05869412422180176,0.0005095005035400391,1100000
exp4,1614161730.103427,compute,0.002082347869873047,0.05640840530395508,0.0005483627319335938,1100000
exp4,1614161733.1061118,compute,0.0020439624786376953,0.05798983573913574,0.0005044937133789062,1100000
exp4,1614161736.1071098,compute,0.002175569534301758,0.05893111228942871,0.0005064010620117188,1100000
exp4,1614161739.108615,compute,0.001889944076538086,0.06081986427307129,0.0005235671997070312,1100000
exp4,1614161742.0816083,compute,0.0021278858184814453,0.03364372253417969,0.0004930496215820312,1100000
exp4,1614161745.082385,compute,0.0017228126525878906,0.03473782539367676,0.00034165382385253906,1100000
exp4,1614161748.104279,compute,0.0019178390502929688,0.05621027946472168,0.0004684925079345703,1100000
exp4,1614161751.105609,compute,0.0019881725311279297,0.05757784843444824,0.0005202293395996094,1100000
exp4,1614161754.1067567,compute,0.002351045608520508,0.05822110176086426,0.0005235671997070312,1100000
exp4,1614161757.104563,compute,0.002137899398803711,0.05626416206359863,0.0005295276641845703,1100000
exp4,1614161760.1040335,compute,0.0019788742065429688,0.05622100830078125,0.0005142688751220703,1100000
exp4,1614161763.1055067,compute,0.0021109580993652344,0.05735635757446289,0.00045800209045410156,1100000
exp4,1614161766.10601,compute,0.002301931381225586,0.05867719650268555,0.000492095947265625,1100000
exp4,1614161769.1051722,compute,0.002188444137573242,0.05680108070373535,0.0004999637603759766,1100000
exp4,1614161772.106438,compute,0.0020821094512939453,0.05840706825256348,0.00046133995056152344,1100000
exp4,1614161775.103817,compute,0.0024056434631347656,0.05521225929260254,0.0004658699035644531,1100000
exp4,1614161778.1059675,compute,0.0022890567779541016,0.05752396583557129,0.0005381107330322266,1100000
exp4,1614161781.1050248,compute,0.002233743667602539,0.05785655975341797,0.0006055831909179688,1100000
exp4,1614161784.1104825,compute,0.0021371841430664062,0.06330537796020508,0.0005087852478027344,1100000
exp4,1614161787.1055124,compute,0.002021312713623047,0.057303428649902344,0.0004687309265136719,1100000
exp4,1614161790.103629,compute,0.00200653076171875,0.05550646781921387,0.0004837512969970703,1100000
exp4,1614161793.105558,compute,0.002161741256713867,0.05719470977783203,0.0005266666412353516,1100000
exp4,1614161796.1052635,compute,0.002245664596557617,0.05684375762939453,0.0005183219909667969,1100000
exp4,1614161799.1087663,compute,0.002140522003173828,0.06065630912780762,0.0005500316619873047,1100000
exp4,1614161802.0867026,compute,0.0021228790283203125,0.039571523666381836,0.0002827644348144531,1100000
exp4,1614161805.1060812,compute,0.0020978450775146484,0.05704474449157715,0.0005328655242919922,1100000
exp4,1614161808.1053429,compute,0.0020875930786132812,0.05834341049194336,0.000522613525390625,1100000
exp4,1614161811.1075733,compute,0.002347707748413086,0.05899858474731445,0.0005371570587158203,1100000
exp4,1614161814.0898683,compute,0.002201080322265625,0.0414881706237793,0.00047659873962402344,1100000
exp4,1614161817.084405,compute,0.0018913745880126953,0.036650657653808594,0.00047898292541503906,1100000
exp4,1614161820.1031344,compute,0.0020568370819091797,0.05508065223693848,0.00046896934509277344,1100000
exp4,1614161823.105831,compute,0.002379179000854492,0.05723261833190918,0.0005586147308349609,1100000
exp4,1614161826.0940316,compute,0.002069711685180664,0.045766353607177734,0.0005862712860107422,1100000
exp4,1614161829.104747,compute,0.0021626949310302734,0.05638384819030762,0.0005204677581787109,1100000
exp4,1614161832.1138961,compute,0.002124309539794922,0.06561064720153809,0.0005893707275390625,1100000
exp4,1614161835.1085913,compute,0.002114534378051758,0.060225486755371094,0.0005352497100830078,1100000
exp4,1614161838.1039367,compute,0.0021135807037353516,0.0568697452545166,0.0005202293395996094,1100000
exp4,1614161841.0806415,compute,0.002062559127807617,0.033585309982299805,0.0005214214324951172,1100000
exp4,1614161844.091937,compute,0.002045154571533203,0.04370284080505371,0.0005383491516113281,1100000
exp4,1614161847.085241,compute,0.002051115036010742,0.037001609802246094,0.0005483627319335938,1100000
exp4,1614161850.089563,compute,0.001968860626220703,0.041471242904663086,0.0004553794860839844,1100000
exp4,1614161853.0818865,compute,0.0021905899047851562,0.03350353240966797,0.0004990100860595703,1100000
exp4,1614161856.08256,compute,0.002039194107055664,0.03572821617126465,0.0005140304565429688,1100000
exp4,1614161859.114415,compute,0.002215862274169922,0.06722450256347656,0.0005826950073242188,1100000
exp4,1614161862.1056352,compute,0.0019698143005371094,0.057479143142700195,0.0004901885986328125,1100000
exp4,1614161865.085278,compute,0.0009827613830566406,0.038216590881347656,0.0002224445343017578,1100000
exp4,1614161868.105491,compute,0.0021524429321289062,0.05715608596801758,0.0005745887756347656,1100000
exp4,1614161871.1039524,compute,0.002046346664428711,0.05571269989013672,0.0005252361297607422,1100000
exp4,1614161874.1045544,compute,0.0021996498107910156,0.05693864822387695,0.0005278587341308594,1100000
exp4,1614161877.1050055,compute,0.002149343490600586,0.05669903755187988,0.0005636215209960938,1100000
exp4,1614161880.1040928,compute,0.002211332321166992,0.05695319175720215,0.0007259845733642578,1100000
exp5,1614161586.2347398,compute,0.002320528030395508,0.055483341217041016,0.0006303787231445312,1100000
exp5,1614161589.230689,compute,0.0011792182922363281,0.04986262321472168,0.00025844573974609375,1100000
exp5,1614161592.2122235,compute,0.001352548599243164,0.03200411796569824,0.00030684471130371094,1100000
exp5,1614161595.2459612,compute,0.0018742084503173828,0.06524896621704102,0.0004258155822753906,1100000
exp5,1614161598.2346249,compute,0.0009894371032714844,0.05380845069885254,0.0002396106719970703,1100000
exp5,1614161601.2347522,compute,0.0012488365173339844,0.0536341667175293,0.00027823448181152344,1100000
exp5,1614161604.2159817,compute,0.0021021366119384766,0.03381657600402832,0.00046753883361816406,1100000
exp5,1614161607.2426207,compute,0.0019216537475585938,0.06096625328063965,0.00044536590576171875,1100000
exp5,1614161610.2403169,compute,0.0016295909881591797,0.05982232093811035,0.0004162788391113281,1100000
exp5,1614161613.237073,compute,0.001951456069946289,0.05511879920959473,0.0004410743713378906,1100000
exp5,1614161616.2293348,compute,0.0013113021850585938,0.04810357093811035,0.00031685829162597656,1100000
exp5,1614161619.2117865,compute,0.001172780990600586,0.031745195388793945,0.00024175643920898438,1100000
exp5,1614161622.2207904,compute,0.0010056495666503906,0.040984392166137695,0.0002617835998535156,1100000
exp5,1614161625.2260132,compute,0.0013430118560791016,0.044996023178100586,0.00023651123046875,1100000
exp5,1614161628.2248318,compute,0.001035928726196289,0.04394841194152832,0.00024628639221191406,1100000
exp5,1614161631.245733,compute,0.001978158950805664,0.06377053260803223,0.0004870891571044922,1100000
exp5,1614161634.229283,compute,0.0010848045349121094,0.04941225051879883,0.00027680397033691406,1100000
exp5,1614161637.2340186,compute,0.0012362003326416016,0.05297350883483887,0.0002779960632324219,1100000
exp5,1614161640.2372248,compute,0.0016779899597167969,0.05669450759887695,0.00044274330139160156,1100000
exp5,1614161643.2433493,compute,0.0015285015106201172,0.06210684776306152,0.00034356117248535156,1100000
exp5,1614161646.2300396,compute,0.0010094642639160156,0.05023074150085449,0.0002994537353515625,1100000
exp5,1614161649.2255075,compute,0.0010547637939453125,0.04554915428161621,0.0002713203430175781,1100000
exp5,1614161652.2257822,compute,0.0011038780212402344,0.04576301574707031,0.00020885467529296875,1100000
exp5,1614161655.230631,compute,0.0011038780212402344,0.04982304573059082,0.0002696514129638672,1100000
exp5,1614161658.2205102,compute,0.0009415149688720703,0.039687156677246094,0.00020885467529296875,1100000
exp5,1614161661.2373405,compute,0.001149892807006836,0.05636787414550781,0.0002701282501220703,1100000
exp5,1614161664.2275226,compute,0.0011217594146728516,0.04643368721008301,0.00022220611572265625,1100000
exp5,1614161667.2220182,compute,0.0010437965393066406,0.041126251220703125,0.0002429485321044922,1100000
exp5,1614161670.2420542,compute,0.0018639564514160156,0.06020951271057129,0.0003972053527832031,1100000
exp5,1614161673.2318509,compute,0.0011937618255615234,0.05087637901306152,0.0002796649932861328,1100000
exp5,1614161676.2123342,compute,0.0011684894561767578,0.03125810623168945,0.0002636909484863281,1100000
exp5,1614161679.220802,compute,0.002104520797729492,0.038834571838378906,0.0004856586456298828,1100000
exp5,1614161682.238095,compute,0.001964569091796875,0.056076765060424805,0.00043463706970214844,1100000
exp5,1614161685.205674,compute,0.0010128021240234375,0.024899721145629883,0.0002448558807373047,1100000
exp5,1614161688.2391887,compute,0.0019254684448242188,0.057265520095825195,0.0004630088806152344,1100000
exp5,1614161691.203122,compute,0.0007364749908447266,0.0227200984954834,0.0001690387725830078,1100000
exp5,1614161694.226213,compute,0.0011525154113769531,0.04625821113586426,0.000240325927734375,1100000
exp5,1614161697.2369492,compute,0.0020020008087158203,0.05602288246154785,0.0004336833953857422,1100000
exp5,1614161700.2104912,compute,0.0010120868682861328,0.029812335968017578,0.0002608299255371094,1100000
exp5,1614161703.2144723,compute,0.001924753189086914,0.0327913761138916,0.00045108795166015625,1100000
exp5,1614161706.2151875,compute,0.0020258426666259766,0.033254384994506836,0.00044465065002441406,1100000
exp5,1614161709.2327986,compute,0.0010499954223632812,0.051961421966552734,0.00022530555725097656,1100000
exp5,1614161712.2056682,compute,0.0010042190551757812,0.025007009506225586,0.0002334117889404297,1100000
exp5,1614161715.237739,compute,0.0018756389617919922,0.055838823318481445,0.0004830360412597656,1100000
exp5,1614161718.2126703,compute,0.001306772232055664,0.031494855880737305,0.0002961158752441406,1100000
exp5,1614161721.23664,compute,0.0011982917785644531,0.05555367469787598,0.00026798248291015625,1100000
exp5,1614161724.2287333,compute,0.001007080078125,0.05048656463623047,0.00024509429931640625,1100000
exp5,1614161727.2099786,compute,0.0010194778442382812,0.03017115592956543,0.0002675056457519531,1100000
exp5,1614161730.2180414,compute,0.0011463165283203125,0.03697395324707031,0.00024175643920898438,1100000
exp5,1614161733.2373414,compute,0.0018990039825439453,0.05545306205749512,0.0004582405090332031,1100000
exp5,1614161736.2143347,compute,0.0011029243469238281,0.03346848487854004,0.00027298927307128906,1100000
exp5,1614161739.2246833,compute,0.0009851455688476562,0.04381108283996582,0.00024318695068359375,1100000
exp5,1614161742.21424,compute,0.0018057823181152344,0.032563209533691406,0.00047898292541503906,1100000
exp5,1614161745.241996,compute,0.0019528865814208984,0.06103110313415527,0.00042724609375,1100000
exp5,1614161748.205981,compute,0.001062154769897461,0.025033235549926758,0.00019931793212890625,1100000
exp5,1614161751.2086897,compute,0.005099773406982422,0.024896860122680664,0.0001850128173828125,1100000
exp5,1614161754.2335608,compute,0.001123189926147461,0.052525997161865234,0.00026798248291015625,1100000
exp5,1614161757.2352567,compute,0.0014433860778808594,0.05399799346923828,0.0003070831298828125,1100000
exp5,1614161760.2262745,compute,0.0010182857513427734,0.04543900489807129,0.00024366378784179688,1100000
exp5,1614161763.224982,compute,0.0010945796966552734,0.04498004913330078,0.00024437904357910156,1100000
exp5,1614161766.2179518,compute,0.0009698867797851562,0.03733229637145996,0.0002372264862060547,1100000
exp5,1614161769.230449,compute,0.0012102127075195312,0.04957318305969238,0.0002696514129638672,1100000
exp5,1614161772.212086,compute,0.0012221336364746094,0.0319521427154541,0.00026297569274902344,1100000
exp5,1614161775.2222016,compute,0.0012149810791015625,0.042186737060546875,0.0002434253692626953,1100000
exp5,1614161778.2067814,compute,0.0011026859283447266,0.026057720184326172,0.0002665519714355469,1100000
exp5,1614161781.2381947,compute,0.0012252330780029297,0.05810236930847168,0.00025153160095214844,1100000
exp5,1614161784.2270546,compute,0.0010089874267578125,0.04724383354187012,0.0002353191375732422,1100000
exp5,1614161787.2082374,compute,0.000732421875,0.02873516082763672,0.00017523765563964844,1100000
exp5,1614161790.206169,compute,0.0010328292846679688,0.026419401168823242,0.00024437904357910156,1100000
exp5,1614161793.214098,compute,0.0016133785247802734,0.03370046615600586,0.0005166530609130859,1100000
exp5,1614161796.2112894,compute,0.001169443130493164,0.030243873596191406,0.0001933574676513672,1100000
exp5,1614161799.22391,compute,0.0009293556213378906,0.044115543365478516,0.00023293495178222656,1100000
exp5,1614161802.2185018,compute,0.0019881725311279297,0.037551164627075195,0.0004487037658691406,1100000
exp5,1614161805.2189221,compute,0.0010344982147216797,0.040572166442871094,0.0002512931823730469,1100000
exp5,1614161808.2362206,compute,0.0013391971588134766,0.055242061614990234,0.00026535987854003906,1100000
exp5,1614161811.2166445,compute,0.0010805130004882812,0.0359799861907959,0.0002307891845703125,1100000
exp5,1614161814.2421281,compute,0.0015187263488769531,0.060655832290649414,0.0003752708435058594,1100000
exp5,1614161817.2158906,compute,0.0016777515411376953,0.03435778617858887,0.0003769397735595703,1100000
exp5,1614161820.221383,compute,0.0010249614715576172,0.04154658317565918,0.00025200843811035156,1100000
exp5,1614161823.2124221,compute,0.001298666000366211,0.03121042251586914,0.0002834796905517578,1100000
exp5,1614161826.236944,compute,0.001988649368286133,0.05493569374084473,0.0004451274871826172,1100000
exp5,1614161829.2276177,compute,0.001127481460571289,0.046575069427490234,0.0002484321594238281,1100000
exp5,1614161832.2192876,compute,0.0009641647338867188,0.038374900817871094,0.0002276897430419922,1100000
exp5,1614161835.2055407,compute,0.0009829998016357422,0.024979352951049805,0.00020599365234375,1100000
exp5,1614161838.2349699,compute,0.0018601417541503906,0.05412602424621582,0.0004379749298095703,1100000
exp5,1614161841.2452593,compute,0.002203226089477539,0.06317615509033203,0.00040793418884277344,1100000
exp5,1614161844.2444048,compute,0.0019931793212890625,0.0635073184967041,0.0004398822784423828,1100000
exp5,1614161847.215329,compute,0.0020165443420410156,0.03332209587097168,0.0004734992980957031,1100000
exp5,1614161850.2423992,compute,0.0017025470733642578,0.061815738677978516,0.0004093647003173828,1100000
exp5,1614161853.214581,compute,0.001962900161743164,0.03257942199707031,0.0004677772521972656,1100000
exp5,1614161856.2391262,compute,0.0018203258514404297,0.05736899375915527,0.0005056858062744141,1100000
exp5,1614161859.2464232,compute,0.0021164417266845703,0.06530618667602539,0.0005893707275390625,1100000
exp5,1614161862.206903,compute,0.0010600090026855469,0.02592325210571289,0.00022649765014648438,1100000
exp5,1614161865.2141714,compute,0.002069234848022461,0.03239250183105469,0.0004706382751464844,1100000
exp5,1614161868.2228606,compute,0.0010662078857421875,0.041881561279296875,0.00023746490478515625,1100000
exp5,1614161871.2237804,compute,0.001039266586303711,0.04309535026550293,0.00022935867309570312,1100000
exp5,1614161874.2379572,compute,0.002306222915649414,0.05566740036010742,0.00047397613525390625,1100000
exp5,1614161877.2042713,compute,0.0010724067687988281,0.025974512100219727,0.00025653839111328125,1100000
exp5,1614161880.2226634,compute,0.0011196136474609375,0.04279351234436035,0.0002911090850830078,1100000
exp6,1614161586.6603706,compute,0.0023326873779296875,0.033215999603271484,0.0007007122039794922,1100000
exp6,1614161589.661664,compute,0.001934051513671875,0.03290915489196777,0.00043845176696777344,1100000
exp6,1614161592.6876285,compute,0.0026319026947021484,0.058267831802368164,0.0005893707275390625,1100000
exp6,1614161595.6727858,compute,0.002298593521118164,0.04356813430786133,0.0004699230194091797,1100000
exp6,1614161598.6700513,compute,0.0020890235900878906,0.04097437858581543,0.0004909038543701172,1100000
exp6,1614161601.6622646,compute,0.0016329288482666016,0.03380632400512695,0.00037860870361328125,1100000
exp6,1614161604.6656897,compute,0.0019490718841552734,0.03689432144165039,0.00043487548828125,1100000
exp6,1614161607.689734,compute,0.002119302749633789,0.06168222427368164,0.0005161762237548828,1100000
exp6,1614161610.6628807,compute,0.001344442367553711,0.034859418869018555,0.00021600723266601562,1100000
exp6,1614161613.6629732,compute,0.002117156982421875,0.033930063247680664,0.0005426406860351562,1100000
exp6,1614161616.6862006,compute,0.002064228057861328,0.0571446418762207,0.0005576610565185547,1100000
exp6,1614161619.6862483,compute,0.0020890235900878906,0.05739736557006836,0.0004949569702148438,1100000
exp6,1614161622.666127,compute,0.0020813941955566406,0.0372157096862793,0.0006020069122314453,1100000
exp6,1614161625.6833217,compute,0.001967906951904297,0.05540633201599121,0.0004379749298095703,1100000
exp6,1614161628.663711,compute,0.0021109580993652344,0.034592628479003906,0.0004565715789794922,1100000
exp6,1614161631.6712272,compute,0.0023484230041503906,0.04212522506713867,0.0005025863647460938,1100000
exp6,1614161634.6827235,compute,0.0020275115966796875,0.05471038818359375,0.0005018711090087891,1100000
exp6,1614161637.6641753,compute,0.002385377883911133,0.03577542304992676,0.0004699230194091797,1100000
exp6,1614161640.6626956,compute,0.0020983219146728516,0.03368830680847168,0.00042891502380371094,1100000
exp6,1614161643.6673756,compute,0.002715587615966797,0.03770756721496582,0.0004811286926269531,1100000
exp6,1614161646.6659544,compute,0.0024759769439697266,0.03646707534790039,0.0005133152008056641,1100000
exp6,1614161649.6823168,compute,0.0021524429321289062,0.054149627685546875,0.0004563331604003906,1100000
exp6,1614161652.6609023,compute,0.0021224021911621094,0.03192257881164551,0.0004994869232177734,1100000
exp6,1614161655.6862576,compute,0.0018620491027832031,0.05850028991699219,0.0005195140838623047,1100000
exp6,1614161658.6624103,compute,0.0020904541015625,0.03331923484802246,0.0005228519439697266,1100000
exp6,1614161661.6884058,compute,0.002191781997680664,0.059388160705566406,0.0004961490631103516,1100000
exp6,1614161664.6595802,compute,0.0012814998626708984,0.03246951103210449,0.00028586387634277344,1100000
exp6,1614161667.6621666,compute,0.0020644664764404297,0.03317880630493164,0.000484466552734375,1100000
exp6,1614161670.6702836,compute,0.002129077911376953,0.04122591018676758,0.00054168701171875,1100000
exp6,1614161673.6623647,compute,0.0026657581329345703,0.033685922622680664,0.0005438327789306641,1100000
exp6,1614161676.6877222,compute,0.0020618438720703125,0.058678388595581055,0.0005350112915039062,1100000
exp6,1614161679.6858344,compute,0.00141143798828125,0.05765485763549805,0.0003352165222167969,1100000
exp6,1614161682.6645777,compute,0.001954317092895508,0.03570246696472168,0.00048232078552246094,1100000
exp6,1614161685.6857653,compute,0.0025551319122314453,0.05722808837890625,0.0005121231079101562,1100000
exp6,1614161688.6615946,compute,0.0021224021911621094,0.0341339111328125,0.0005061626434326172,1100000
exp6,1614161691.6870923,compute,0.002088785171508789,0.05801701545715332,0.0005075931549072266,1100000
exp6,1614161694.6662385,compute,0.0018477439880371094,0.038391828536987305,0.0004515647888183594,1100000
exp6,1614161697.6617713,compute,0.0021250247955322266,0.032744646072387695,0.0004482269287109375,1100000
exp6,1614161700.6845741,compute,0.0018761157989501953,0.05596780776977539,0.0004868507385253906,1100000
exp6,1614161703.6850436,compute,0.002285003662109375,0.055867910385131836,0.000423431396484375,1100000
exp6,1614161706.6671243,compute,0.001918792724609375,0.03847861289978027,0.00051116943359375,1100000
exp6,1614161709.688204,compute,0.0019099712371826172,0.059502601623535156,0.00045871734619140625,1100000
exp6,1614161712.6649544,compute,0.0020313262939453125,0.03700995445251465,0.00041866302490234375,1100000
exp6,1614161715.6841624,compute,0.0018320083618164062,0.05646204948425293,0.0004153251647949219,1100000
exp6,1614161718.6596978,compute,0.0016281604766845703,0.03224015235900879,0.00034427642822265625,1100000
exp6,1614161721.656993,compute,0.0007915496826171875,0.029721736907958984,0.00019693374633789062,1100000
exp6,1614161724.6688545,compute,0.00168609619140625,0.04038572311401367,0.00029349327087402344,1100000
exp6,1614161727.6614554,compute,0.0011897087097167969,0.0343623161315918,0.0002655982971191406,1100000
exp6,1614161730.6583672,compute,0.0013582706451416016,0.03111410140991211,0.00024127960205078125,1100000
exp6,1614161733.6583612,compute,0.0012996196746826172,0.031161785125732422,0.00024318695068359375,1100000
exp6,1614161736.657808,compute,0.0014379024505615234,0.030471324920654297,0.00021147727966308594,1100000
exp6,1614161739.6621618,compute,0.0008652210235595703,0.03547167778015137,0.0002288818359375,1100000
exp6,1614161742.664805,compute,0.0008187294006347656,0.03823661804199219,0.00016570091247558594,1100000
exp6,1614161745.6564753,compute,0.0007784366607666016,0.030028343200683594,0.00021886825561523438,1100000
exp6,1614161748.6592708,compute,0.002002239227294922,0.030575990676879883,0.00023126602172851562,1100000
exp6,1614161751.6717467,compute,0.002346515655517578,0.0432894229888916,0.0005662441253662109,1100000
exp6,1614161754.6649911,compute,0.00182342529296875,0.037262916564941406,0.00042438507080078125,1100000
exp6,1614161757.6637805,compute,0.0024836063385009766,0.03428792953491211,0.0005464553833007812,1100000
exp6,1614161760.6705303,compute,0.0019636154174804688,0.041852474212646484,0.0005052089691162109,1100000
exp6,1614161763.6619768,compute,0.00201416015625,0.033284902572631836,0.00046753883361816406,1100000
exp6,1614161766.665891,compute,0.0023162364959716797,0.036600351333618164,0.0006008148193359375,1100000
exp6,1614161769.6693544,compute,0.0013823509216308594,0.04208731651306152,0.0001862049102783203,1100000
exp6,1614161772.6884902,compute,0.0018863677978515625,0.05966591835021973,0.0004317760467529297,1100000
exp6,1614161775.6851792,compute,0.002080678939819336,0.05634164810180664,0.00043892860412597656,1100000
exp6,1614161778.6637466,compute,0.002048015594482422,0.034728288650512695,0.0005292892456054688,1100000
exp6,1614161781.6668305,compute,0.003008604049682617,0.036993980407714844,0.0005211830139160156,1100000
exp6,1614161784.6789746,compute,0.0019965171813964844,0.0511174201965332,0.000446319580078125,1100000
exp6,1614161787.6681392,compute,0.0022742748260498047,0.039917707443237305,0.0002894401550292969,1100000
exp6,1614161790.6916199,compute,0.002056598663330078,0.06270241737365723,0.0004482269287109375,1100000
exp6,1614161793.6899056,compute,0.0027179718017578125,0.06021523475646973,0.0004954338073730469,1100000
exp6,1614161796.6875439,compute,0.0020678043365478516,0.058551788330078125,0.0005228519439697266,1100000
exp6,1614161799.6897511,compute,0.001985311508178711,0.06187105178833008,0.0004596710205078125,1100000
exp6,1614161802.6831276,compute,0.0020036697387695312,0.055207252502441406,0.00047779083251953125,1100000
exp6,1614161805.6824555,compute,0.0021479129791259766,0.05446434020996094,0.0004405975341796875,1100000
exp6,1614161808.6866167,compute,0.002275705337524414,0.057521820068359375,0.0005373954772949219,1100000
exp6,1614161811.696636,compute,0.0025708675384521484,0.06702947616577148,0.00048804283142089844,1100000
exp6,1614161814.6903288,compute,0.0020258426666259766,0.06247401237487793,0.0005319118499755859,1100000
exp6,1614161817.661036,compute,0.0021049976348876953,0.032987117767333984,0.0005047321319580078,1100000
exp6,1614161820.692273,compute,0.0019390583038330078,0.0644989013671875,0.0005068778991699219,1100000
exp6,1614161823.6889994,compute,0.0020990371704101562,0.06090426445007324,0.0005359649658203125,1100000
exp6,1614161826.6857452,compute,0.0021321773529052734,0.05750465393066406,0.0005035400390625,1100000
exp6,1614161829.661655,compute,0.0020666122436523438,0.03362631797790527,0.00044655799865722656,1100000
exp6,1614161832.663331,compute,0.0027370452880859375,0.03359341621398926,0.0005083084106445312,1100000
exp6,1614161835.6851726,compute,0.001981496810913086,0.05646324157714844,0.0004811286926269531,1100000
exp6,1614161838.6625018,compute,0.002244234085083008,0.033501386642456055,0.0005576610565185547,1100000
exp6,1614161841.6592267,compute,0.0022792816162109375,0.030919790267944336,0.0005013942718505859,1100000
exp6,1614161844.6708755,compute,0.0025475025177001953,0.04239988327026367,0.0005905628204345703,1100000
exp6,1614161847.6857197,compute,0.0020363330841064453,0.05671572685241699,0.0005216598510742188,1100000
exp6,1614161850.6704867,compute,0.002198934555053711,0.04146242141723633,0.0004968643188476562,1100000
exp6,1614161853.6876667,compute,0.0021932125091552734,0.05853080749511719,0.0004849433898925781,1100000
exp6,1614161856.6874232,compute,0.002019643783569336,0.05838131904602051,0.0004482269287109375,1100000
exp6,1614161859.6936088,compute,0.0023682117462158203,0.06532144546508789,0.0005104541778564453,1100000
exp6,1614161862.687906,compute,0.0025670528411865234,0.05932450294494629,0.0005328655242919922,1100000
exp6,1614161865.685405,compute,0.0019526481628417969,0.05672335624694824,0.0004968643188476562,1100000
exp6,1614161868.6867943,compute,0.002105712890625,0.057679176330566406,0.00048232078552246094,1100000
exp6,1614161871.6629424,compute,0.0025620460510253906,0.033405303955078125,0.0004918575286865234,1100000
exp6,1614161874.6621857,compute,0.0019299983978271484,0.03340315818786621,0.00043129920959472656,1100000
exp6,1614161877.6752427,compute,0.002123117446899414,0.04633760452270508,0.00043582916259765625,1100000
exp6,1614161880.6869051,compute,0.0022008419036865234,0.05876636505126953,0.0005352497100830078,1100000
