id,ts,service, txDur, servDur,wait,nbIter,execDur,parExec
exp_1CORE_CAL_NEW,0,compute,0.0010831356048583984,0.0229189395904541,0.00018262863159179688,1100000,0.019225358963012695,0
exp_1CORE_CAL_NEW,3.00916,compute,0.0011687278747558594,0.030796527862548828,0.00019979476928710938,1100000,0.025758981704711914,0
exp_1CORE_CAL_NEW,6.03634,compute,0.0039980411529541016,0.05480027198791504,0.0004773139953613281,1100000,0.049524545669555664,0
exp_1CORE_CAL_NEW,9.0083,compute,0.0009262561798095703,0.030207395553588867,0.0001862049102783203,1100000,0.026154041290283203,0
exp_1CORE_CAL_NEW,12.0056,compute,0.0007178783416748047,0.027658462524414062,0.00015783309936523438,1100000,0.02370595932006836,0
exp_1CORE_CAL_NEW,15.0145,compute,0.003247499465942383,0.033621788024902344,0.0007252693176269531,1100000,0.028383255004882812,0
exp_1CORE_CAL_NEW,18.0169,compute,0.003075122833251953,0.036307334899902344,0.0006561279296875,1100000,0.03043079376220703,0
exp_1CORE_CAL_NEW,21.0105,compute,0.0008521080017089844,0.03244209289550781,0.0002033710479736328,1100000,0.028475046157836914,0
exp_1CORE_CAL_NEW,24.0108,compute,0.0007848739624023438,0.03281879425048828,0.00016736984252929688,1100000,0.027805805206298828,0
exp_1CORE_CAL_NEW,27.017,compute,0.00299835205078125,0.0362401008605957,0.0006494522094726562,1100000,0.030052900314331055,0
exp_1CORE_CAL_NEW,30.0021,compute,0.0007140636444091797,0.023531198501586914,0.00014162063598632812,1100000,0.01950383186340332,0
exp_1CORE_CAL_NEW,33.0148,compute,0.0027790069580078125,0.03375053405761719,0.0005898475646972656,1100000,0.027863502502441406,0
exp_1CORE_CAL_NEW,36.0013,compute,0.0007727146148681641,0.02326202392578125,0.00015687942504882812,1100000,0.019237518310546875,0
exp_1CORE_CAL_NEW,39.0141,compute,0.002308368682861328,0.03424715995788574,0.0005629062652587891,1100000,0.028181076049804688,0
exp_1CORE_CAL_NEW,42.0157,compute,0.002521514892578125,0.0347447395324707,0.0005841255187988281,1100000,0.028990983963012695,0
exp_1CORE_CAL_NEW,45.0056,compute,0.0007567405700683594,0.026927709579467773,0.0001404285430908203,1100000,0.022774457931518555,0
exp_1CORE_CAL_NEW,48.0436,compute,0.0029549598693847656,0.06224703788757324,0.0005657672882080078,1100000,0.05595850944519043,0
exp_1CORE_CAL_NEW,51.0011,compute,0.0007126331329345703,0.023191452026367188,0.00015807151794433594,1100000,0.01912546157836914,0
exp_1CORE_CAL_NEW,54.0022,compute,0.0006823539733886719,0.024262666702270508,0.00015211105346679688,1100000,0.01992964744567871,0
exp_1CORE_CAL_NEW,57.0187,compute,0.0024230480194091797,0.03869318962097168,0.0005660057067871094,1100000,0.032512664794921875,0
exp_1CORE_CAL_NEW,60.0132,compute,0.0031633377075195312,0.03455519676208496,0.0005719661712646484,1100000,0.028829097747802734,0
exp_1CORE_CAL_NEW,63.0422,compute,0.0026140213012695312,0.06109976768493652,0.0006120204925537109,1100000,0.05531501770019531,0
exp_1CORE_CAL_NEW,66.0013,compute,0.0006868839263916016,0.023453712463378906,0.0001404285430908203,1100000,0.019194841384887695,0
exp_1CORE_CAL_NEW,69.0145,compute,0.0025436878204345703,0.034275054931640625,0.0005421638488769531,1100000,0.029284954071044922,0
exp_1CORE_CAL_NEW,72.0015,compute,0.0006947517395019531,0.023581504821777344,0.0001537799835205078,1100000,0.01917409896850586,0
exp_1CORE_CAL_NEW,75.0173,compute,0.0028600692749023438,0.03589344024658203,0.0006313323974609375,1100000,0.030559301376342773,0
exp_1CORE_CAL_NEW,78.019,compute,0.003069162368774414,0.03750491142272949,0.0006451606750488281,1100000,0.031568050384521484,0
exp_1CORE_CAL_NEW,81.0176,compute,0.0029778480529785156,0.036284685134887695,0.00064849853515625,1100000,0.030646800994873047,0
exp_1CORE_CAL_NEW,84.014,compute,0.0023648738861083984,0.03347945213317871,0.0005564689636230469,1100000,0.028553009033203125,0
exp_1CORE_CAL_NEW,87.0135,compute,0.0026721954345703125,0.03317856788635254,0.0005371570587158203,1100000,0.0282437801361084,0
exp_1CORE_CAL_NEW,90.0163,compute,0.003039836883544922,0.03558230400085449,0.0006601810455322266,1100000,0.03000807762145996,0
exp_1CORE_CAL_NEW,93.019,compute,0.0024671554565429688,0.03811931610107422,0.0005829334259033203,1100000,0.02922344207763672,0
exp_1CORE_CAL_NEW,96.016,compute,0.002640962600708008,0.03512883186340332,0.000579833984375,1100000,0.02926182746887207,0
exp_1CORE_CAL_NEW,99.021,compute,0.002332925796508789,0.04044342041015625,0.0005931854248046875,1100000,0.030248403549194336,0
exp_1CORE_CAL_NEW,102.016,compute,0.0029535293579101562,0.03450489044189453,0.0006279945373535156,1100000,0.029306888580322266,0
exp_1CORE_CAL_NEW,105.015,compute,0.002675294876098633,0.0338897705078125,0.0005869865417480469,1100000,0.02863788604736328,0
exp_1CORE_CAL_NEW,108.018,compute,0.0036971569061279297,0.03614521026611328,0.0006768703460693359,1100000,0.029390573501586914,0
exp_1CORE_CAL_NEW,111.015,compute,0.0026018619537353516,0.03393435478210449,0.0005972385406494141,1100000,0.028717517852783203,0
exp_1CORE_CAL_NEW,114.016,compute,0.0029294490814208984,0.034422874450683594,0.0006380081176757812,1100000,0.029242753982543945,0
exp_1CORE_CAL_NEW,117.043,compute,0.0026702880859375,0.06225776672363281,0.0005800724029541016,1100000,0.05687093734741211,0
exp_1CORE_CAL_NEW,120.017,compute,0.002871274948120117,0.036298274993896484,0.0007178783416748047,1100000,0.030792951583862305,0
exp_1CORE_CAL_NEW,123.021,compute,0.003122091293334961,0.040291547775268555,0.0006532669067382812,1100000,0.03430366516113281,0
exp_1CORE_CAL_NEW,126.014,compute,0.003200054168701172,0.033480167388916016,0.0006058216094970703,1100000,0.028690338134765625,0
exp_1CORE_CAL_NEW,129.044,compute,0.0033082962036132812,0.0630185604095459,0.000614166259765625,1100000,0.05727505683898926,0
exp_1CORE_CAL_NEW,132.045,compute,0.0024640560150146484,0.06424283981323242,0.0005843639373779297,1100000,0.05896425247192383,0
exp_1CORE_CAL_NEW,135.001,compute,0.0009200572967529297,0.02307891845703125,0.0001399517059326172,1100000,0.019295692443847656,0
exp_1CORE_CAL_NEW,138.022,compute,0.002580404281616211,0.041367530822753906,0.0006172657012939453,1100000,0.03539466857910156,0
exp_1CORE_CAL_NEW,141.001,compute,0.0007052421569824219,0.02286243438720703,0.00016260147094726562,1100000,0.019132137298583984,0
exp_1CORE_CAL_NEW,144.044,compute,0.0027120113372802734,0.06409621238708496,0.0005409717559814453,1100000,0.05859661102294922,0
exp_1CORE_CAL_NEW,147.039,compute,0.002593517303466797,0.057897329330444336,0.000621795654296875,1100000,0.05169796943664551,0
exp_1CORE_CAL_NEW,150.04,compute,0.0027675628662109375,0.060189008712768555,0.0005996227264404297,1100000,0.05465984344482422,0
exp_1CORE_CAL_NEW,153.016,compute,0.0024826526641845703,0.034824371337890625,0.0005848407745361328,1100000,0.028910398483276367,0
exp_1CORE_CAL_NEW,156.044,compute,0.002778768539428711,0.06328248977661133,0.0005376338958740234,1100000,0.058281898498535156,0
exp_1CORE_CAL_NEW,159.038,compute,0.0024995803833007812,0.05849599838256836,0.0005609989166259766,1100000,0.05314993858337402,0
exp_1CORE_CAL_NEW,162.042,compute,0.002698183059692383,0.06161308288574219,0.0005376338958740234,1100000,0.056073904037475586,0
exp_1CORE_CAL_NEW,165.046,compute,0.0032410621643066406,0.06466841697692871,0.0006561279296875,1100000,0.0592801570892334,0
exp_1CORE_CAL_NEW,168.002,compute,0.0007524490356445312,0.02402210235595703,0.00014281272888183594,1100000,0.01914834976196289,0
exp_1CORE_CAL_NEW,171.015,compute,0.002518177032470703,0.033954620361328125,0.0005850791931152344,1100000,0.02850174903869629,0
exp_1CORE_CAL_NEW,174.019,compute,0.002706766128540039,0.038877010345458984,0.0005862712860107422,1100000,0.03375840187072754,0
exp_1CORE_CAL_NEW,177.014,compute,0.0026092529296875,0.03364086151123047,0.0005445480346679688,1100000,0.028362035751342773,0
exp_1CORE_CAL_NEW,180.001,compute,0.0008912086486816406,0.023053884506225586,0.00014662742614746094,1100000,0.01912403106689453,0
exp_1CORE_CAL_NEW,183.003,compute,0.0008096694946289062,0.024486303329467773,0.00014638900756835938,1100000,0.019633769989013672,0
exp_1CORE_CAL_NEW,186.044,compute,0.0024566650390625,0.0640096664428711,0.0005891323089599609,1100000,0.058541059494018555,0
exp_1CORE_CAL_NEW,189.015,compute,0.0029115676879882812,0.03485393524169922,0.0006487369537353516,1100000,0.029015541076660156,0
exp_1CORE_CAL_NEW,192.002,compute,0.0009436607360839844,0.02281975746154785,0.00014519691467285156,1100000,0.019088268280029297,0
exp_1CORE_CAL_NEW,195.052,compute,0.0027174949645996094,0.07172226905822754,0.000568389892578125,1100000,0.0666952133178711,0
exp_1CORE_CAL_NEW,198.023,compute,0.002919435501098633,0.042002201080322266,0.0006933212280273438,1100000,0.03512239456176758,0
exp_1CORE_CAL_NEW,201.042,compute,0.0026297569274902344,0.06187891960144043,0.0005450248718261719,1100000,0.056220054626464844,0
exp_1CORE_CAL_NEW,204.046,compute,0.0029020309448242188,0.06526398658752441,0.0006546974182128906,1100000,0.05929994583129883,0
exp_1CORE_CAL_NEW,207.043,compute,0.0024824142456054688,0.06221294403076172,0.0005891323089599609,1100000,0.05689358711242676,0
exp_1CORE_CAL_NEW,210.017,compute,0.0029392242431640625,0.03505110740661621,0.0006589889526367188,1100000,0.029591798782348633,0
exp_1CORE_CAL_NEW,213.018,compute,0.0011661052703857422,0.039055824279785156,0.0002703666687011719,1100000,0.032938480377197266,0
exp_1CORE_CAL_NEW,216.015,compute,0.0034508705139160156,0.03429985046386719,0.0006723403930664062,1100000,0.029160261154174805,0
exp_1CORE_CAL_NEW,219.015,compute,0.003516674041748047,0.033805131912231445,0.0005753040313720703,1100000,0.028862476348876953,0
exp_1CORE_CAL_NEW,222.043,compute,0.002819538116455078,0.0620272159576416,0.0006232261657714844,1100000,0.05657029151916504,0
exp_1CORE_CAL_NEW,225.053,compute,0.002934694290161133,0.07124161720275879,0.0006008148193359375,1100000,0.06666922569274902,0
exp_1CORE_CAL_NEW,228.016,compute,0.002585887908935547,0.03603672981262207,0.0005526542663574219,1100000,0.029054880142211914,0
exp_1CORE_CAL_NEW,231.043,compute,0.002522706985473633,0.06269574165344238,0.0005862712860107422,1100000,0.056473731994628906,0
exp_1CORE_CAL_NEW,234.027,compute,0.0031964778900146484,0.04482889175415039,0.0006568431854248047,1100000,0.038268089294433594,0
exp_1CORE_CAL_NEW,237.042,compute,0.002605915069580078,0.06185150146484375,0.0005462169647216797,1100000,0.05515909194946289,0
exp_1CORE_CAL_NEW,240.017,compute,0.002671957015991211,0.03655123710632324,0.0005402565002441406,1100000,0.029388904571533203,0
exp_1CORE_CAL_NEW,243.02,compute,0.0027494430541992188,0.03867483139038086,0.0005929470062255859,1100000,0.02898120880126953,0
exp_1CORE_CAL_NEW,246.041,compute,0.002500295639038086,0.060675859451293945,0.0005521774291992188,1100000,0.054813385009765625,0
exp_1CORE_CAL_NEW,249.042,compute,0.0032896995544433594,0.06126070022583008,0.0005788803100585938,1100000,0.05521702766418457,0
exp_1CORE_CAL_NEW,252.032,compute,0.0014424324035644531,0.05519509315490723,0.00030803680419921875,1100000,0.04936861991882324,0
exp_1CORE_CAL_NEW,255.053,compute,0.002644777297973633,0.0716242790222168,0.0005846023559570312,1100000,0.06700420379638672,0
exp_1CORE_CAL_NEW,258.048,compute,0.002708911895751953,0.06761932373046875,0.0005526542663574219,1100000,0.05902242660522461,0
exp_1CORE_CAL_NEW,261.042,compute,0.0025634765625,0.06229734420776367,0.0005476474761962891,1100000,0.0559694766998291,0
exp_1CORE_CAL_NEW,264.024,compute,0.002473115921020508,0.04372286796569824,0.0005624294281005859,1100000,0.03758406639099121,0
exp_1CORE_CAL_NEW,267.015,compute,0.0025556087493896484,0.03446626663208008,0.0005459785461425781,1100000,0.028581857681274414,0
exp_1CORE_CAL_NEW,270.016,compute,0.0029091835021972656,0.03472495079040527,0.0006453990936279297,1100000,0.02922821044921875,0
exp_1CORE_CAL_NEW,273.026,compute,0.0025260448455810547,0.045270442962646484,0.0005614757537841797,1100000,0.03347301483154297,0
exp_1CORE_CAL_NEW,276.016,compute,0.002744913101196289,0.0352025032043457,0.0006425380706787109,1100000,0.029227018356323242,0
exp_1CORE_CAL_NEW,279.044,compute,0.0032567977905273438,0.06309080123901367,0.0006480216979980469,1100000,0.057652950286865234,0
exp_1CORE_CAL_NEW,282.041,compute,0.0024788379669189453,0.060755014419555664,0.0005967617034912109,1100000,0.05543255805969238,0
exp_1CORE_CAL_NEW,285.014,compute,0.002740144729614258,0.03350687026977539,0.0005898475646972656,1100000,0.0284576416015625,0
exp_1CORE_CAL_NEW,288.044,compute,0.002698659896850586,0.06250262260437012,0.0005929470062255859,1100000,0.056593894958496094,0
exp_1CORE_CAL_NEW,291.042,compute,0.0026383399963378906,0.06123709678649902,0.0005421638488769531,1100000,0.055814504623413086,0
exp_1CORE_CAL_NEW,294.016,compute,0.0025000572204589844,0.036179304122924805,0.0005457401275634766,1100000,0.031424522399902344,0
exp_1CORE_CAL_NEW_2,0,compute,0.0028781890869140625,0.033098459243774414,0.0008206367492675781,1100000,0.027011871337890625,0
exp_1CORE_CAL_NEW_2,3.02894,compute,0.0030510425567626953,0.06089496612548828,0.0006365776062011719,1100000,0.05565285682678223,0
exp_1CORE_CAL_NEW_2,6.01236,compute,0.0012454986572265625,0.04640769958496094,0.0002315044403076172,1100000,0.040405988693237305,0
exp_1CORE_CAL_NEW_2,9.03896,compute,0.0025696754455566406,0.07060766220092773,0.0005817413330078125,1100000,0.06592845916748047,0
exp_1CORE_CAL_NEW_2,12.0345,compute,0.0025184154510498047,0.06622695922851562,0.0005881786346435547,1100000,0.061599016189575195,0
exp_1CORE_CAL_NEW_2,15.0292,compute,0.0026302337646484375,0.06079578399658203,0.0005567073822021484,1100000,0.0556788444519043,0
exp_1CORE_CAL_NEW_2,18.0026,compute,0.0030221939086914062,0.03490710258483887,0.0006513595581054688,1100000,0.029335737228393555,0
exp_1CORE_CAL_NEW_2,21.0321,compute,0.002553701400756836,0.06451535224914551,0.0005574226379394531,1100000,0.05986738204956055,0
exp_1CORE_CAL_NEW_2,24.0011,compute,0.0010700225830078125,0.03538799285888672,0.00023508071899414062,1100000,0.030808448791503906,0
exp_1CORE_CAL_NEW_2,27.0011,compute,0.002549409866333008,0.032608985900878906,0.0005469322204589844,1100000,0.02754044532775879,0
exp_1CORE_CAL_NEW_2,29.9956,compute,0.0008666515350341797,0.029275178909301758,0.0001785755157470703,1100000,0.024255990982055664,0
exp_1CORE_CAL_NEW_2,32.9907,compute,0.0009799003601074219,0.024237632751464844,0.0001456737518310547,1100000,0.019311904907226562,0
exp_1CORE_CAL_NEW_2,35.9895,compute,0.0006127357482910156,0.023421764373779297,0.00012636184692382812,1100000,0.01934194564819336,0
exp_1CORE_CAL_NEW_2,38.9887,compute,0.0008525848388671875,0.023212432861328125,0.000141143798828125,1100000,0.019250154495239258,0
exp_1CORE_CAL_NEW_2,41.9943,compute,0.0006985664367675781,0.028905391693115234,0.00015878677368164062,1100000,0.024242639541625977,0
exp_1CORE_CAL_NEW_2,44.9927,compute,0.0006334781646728516,0.02663135528564453,0.00015807151794433594,1100000,0.022868633270263672,0
exp_1CORE_CAL_NEW_2,47.9961,compute,0.0008804798126220703,0.03069019317626953,0.00018477439880371094,1100000,0.02544569969177246,0
exp_1CORE_CAL_NEW_2,51.0252,compute,0.002699136734008789,0.0565798282623291,0.0005645751953125,1100000,0.05124330520629883,0
exp_1CORE_CAL_NEW_2,54.0291,compute,0.002144336700439453,0.06218671798706055,0.0006203651428222656,1100000,0.05681777000427246,0
exp_1CORE_CAL_NEW_2,56.9926,compute,0.0007240772247314453,0.027177095413208008,0.00014257431030273438,1100000,0.023082494735717773,0
exp_1CORE_CAL_NEW_2,60.0319,compute,0.002741575241088867,0.06334829330444336,0.0005869865417480469,1100000,0.05805373191833496,0
exp_1CORE_CAL_NEW_2,63.0036,compute,0.002535104751586914,0.03505992889404297,0.0005819797515869141,1100000,0.028962135314941406,0
exp_1CORE_CAL_NEW_2,66.028,compute,0.0024106502532958984,0.059762001037597656,0.000598907470703125,1100000,0.054543495178222656,0
exp_1CORE_CAL_NEW_2,69.0286,compute,0.0025146007537841797,0.061127424240112305,0.0005574226379394531,1100000,0.05594491958618164,0
exp_1CORE_CAL_NEW_2,71.9885,compute,0.0006864070892333984,0.023183584213256836,0.0001544952392578125,1100000,0.019196748733520508,0
exp_1CORE_CAL_NEW_2,75.0298,compute,0.0024085044860839844,0.0625619888305664,0.0006427764892578125,1100000,0.05695748329162598,0
exp_1CORE_CAL_NEW_2,78.032,compute,0.002936124801635742,0.06324434280395508,0.0006344318389892578,1100000,0.05752825736999512,0
exp_1CORE_CAL_NEW_2,81.0287,compute,0.0023567676544189453,0.06139850616455078,0.0006101131439208984,1100000,0.056310176849365234,0
exp_1CORE_CAL_NEW_2,84.0062,compute,0.0032892227172851562,0.0383143424987793,0.0006165504455566406,1100000,0.03342938423156738,0
exp_1CORE_CAL_NEW_2,87.029,compute,0.0026154518127441406,0.06141471862792969,0.0005562305450439453,1100000,0.056464433670043945,0
exp_1CORE_CAL_NEW_2,89.9889,compute,0.0007693767547607422,0.02353382110595703,0.00015807151794433594,1100000,0.01967477798461914,0
exp_1CORE_CAL_NEW_2,93.0053,compute,0.0025482177734375,0.03693222999572754,0.0005846023559570312,1100000,0.02875065803527832,0
exp_1CORE_CAL_NEW_2,96.0311,compute,0.0029087066650390625,0.06319928169250488,0.0006740093231201172,1100000,0.057904958724975586,0
exp_1CORE_CAL_NEW_2,99,compute,0.0014777183532714844,0.03371906280517578,0.00018668174743652344,1100000,0.02907872200012207,0
exp_1CORE_CAL_NEW_2,102.002,compute,0.0027184486389160156,0.03472447395324707,0.0005922317504882812,1100000,0.02975153923034668,0
exp_1CORE_CAL_NEW_2,105.031,compute,0.0018663406372070312,0.06346631050109863,0.00040531158447265625,1100000,0.058571577072143555,0
exp_1CORE_CAL_NEW_2,108.031,compute,0.002750873565673828,0.06338882446289062,0.0005588531494140625,1100000,0.05767345428466797,0
exp_1CORE_CAL_NEW_2,110.995,compute,0.0007991790771484375,0.029561519622802734,0.00018453598022460938,1100000,0.024755239486694336,0
exp_1CORE_CAL_NEW_2,114.013,compute,0.0026979446411132812,0.04479694366455078,0.0005557537078857422,1100000,0.039450883865356445,0
exp_1CORE_CAL_NEW_2,117.028,compute,0.0032210350036621094,0.06024050712585449,0.0005831718444824219,1100000,0.055361032485961914,0
exp_1CORE_CAL_NEW_2,119.995,compute,0.0007495880126953125,0.0299837589263916,0.00015664100646972656,1100000,0.025094985961914062,0
exp_1CORE_CAL_NEW_2,123.033,compute,0.002571582794189453,0.06531167030334473,0.0005521774291992188,1100000,0.05943107604980469,0
exp_1CORE_CAL_NEW_2,126.007,compute,0.001068115234375,0.04020953178405762,0.00021028518676757812,1100000,0.03516244888305664,0
exp_1CORE_CAL_NEW_2,129.031,compute,0.0017347335815429688,0.06336402893066406,0.00037860870361328125,1100000,0.05834698677062988,0
exp_1CORE_CAL_NEW_2,131.999,compute,0.002600431442260742,0.03194308280944824,0.0005490779876708984,1100000,0.026904821395874023,0
exp_1CORE_CAL_NEW_2,135.028,compute,0.002457857131958008,0.059870243072509766,0.0005848407745361328,1100000,0.05399894714355469,0
exp_1CORE_CAL_NEW_2,138.034,compute,0.002424955368041992,0.06716394424438477,0.0005924701690673828,1100000,0.06063985824584961,0
exp_1CORE_CAL_NEW_2,140.295,compute,0.003242969512939453,0.06188011169433594,0.0006709098815917969,1100000,0.05679917335510254,0
exp_1CORE_CAL_NEW_2,143.299,compute,0.0031232833862304688,0.06383609771728516,0.0006692409515380859,1100000,0.05852913856506348,0
exp_1CORE_CAL_NEW_2,146.297,compute,0.0029337406158447266,0.06271529197692871,0.0005557537078857422,1100000,0.05750536918640137,0
exp_1CORE_CAL_NEW_2,149.287,compute,0.0025339126586914062,0.05392193794250488,0.0005900859832763672,1100000,0.04886960983276367,0
exp_1CORE_CAL_NEW_2,152.298,compute,0.0025005340576171875,0.06429839134216309,0.0005805492401123047,1100000,0.058203935623168945,0
exp_1CORE_CAL_NEW_2,155.282,compute,0.0032498836517333984,0.0469822883605957,0.0007612705230712891,1100000,0.0417635440826416,0
exp_1CORE_CAL_NEW_2,158.297,compute,0.0037796497344970703,0.061434268951416016,0.0007238388061523438,1100000,0.05632615089416504,0
exp_1CORE_CAL_NEW_2,161.299,compute,0.0028777122497558594,0.06402754783630371,0.0005660057067871094,1100000,0.058693647384643555,0
exp_1CORE_CAL_NEW_2,164.295,compute,0.002398967742919922,0.06069374084472656,0.0006144046783447266,1100000,0.05579042434692383,0
exp_1CORE_CAL_NEW_2,167.269,compute,0.0029697418212890625,0.0340728759765625,0.0006654262542724609,1100000,0.028115510940551758,0
exp_1CORE_CAL_NEW_2,170.298,compute,0.0023965835571289062,0.0634148120880127,0.0005922317504882812,1100000,0.058095693588256836,0
exp_1CORE_CAL_NEW_2,173.304,compute,0.003078460693359375,0.06922388076782227,0.0005743503570556641,1100000,0.06418776512145996,0
exp_1CORE_CAL_NEW_2,176.268,compute,0.0025255680084228516,0.03408503532409668,0.0005564689636230469,1100000,0.0288240909576416,0
exp_1CORE_CAL_NEW_2,179.261,compute,0.0008096694946289062,0.029479503631591797,0.00018358230590820312,1100000,0.024365901947021484,0
exp_1CORE_CAL_NEW_2,182.269,compute,0.002621173858642578,0.03435349464416504,0.0006234645843505859,1100000,0.02814650535583496,0
exp_1CORE_CAL_NEW_2,185.274,compute,0.003000974655151367,0.03867936134338379,0.0006721019744873047,1100000,0.03368496894836426,0
exp_1CORE_CAL_NEW_2,188.297,compute,0.0025424957275390625,0.0637059211730957,0.00047850608825683594,1100000,0.05880308151245117,0
exp_1CORE_CAL_NEW_2,191.289,compute,0.0015490055084228516,0.05557107925415039,0.0002772808074951172,1100000,0.05069398880004883,0
exp_1CORE_CAL_NEW_2,194.303,compute,0.0024330615997314453,0.06869125366210938,0.00061798095703125,1100000,0.06358695030212402,0
exp_1CORE_CAL_NEW_2,197.296,compute,0.0025527477264404297,0.06222724914550781,0.0006115436553955078,1100000,0.055776357650756836,0
exp_1CORE_CAL_NEW_2,200.269,compute,0.0031545162200927734,0.034377098083496094,0.0007433891296386719,1100000,0.028957605361938477,0
exp_1CORE_CAL_NEW_2,203.299,compute,0.002779722213745117,0.06454682350158691,0.0006012916564941406,1100000,0.05962181091308594,0
exp_1CORE_CAL_NEW_2,206.295,compute,0.002651691436767578,0.0614011287689209,0.0006043910980224609,1100000,0.05646944046020508,0
exp_1CORE_CAL_NEW_2,209.294,compute,0.003086566925048828,0.060271263122558594,0.0007266998291015625,1100000,0.055368900299072266,0
exp_1CORE_CAL_NEW_2,212.303,compute,0.003222227096557617,0.06819391250610352,0.0007336139678955078,1100000,0.0609896183013916,0
exp_1CORE_CAL_NEW_2,215.295,compute,0.0026466846466064453,0.06074953079223633,0.0005598068237304688,1100000,0.0558316707611084,0
exp_1CORE_CAL_NEW_2,218.292,compute,0.003165721893310547,0.05776858329772949,0.0007169246673583984,1100000,0.0526728630065918,0
exp_1CORE_CAL_NEW_2,221.267,compute,0.005677461624145508,0.03184032440185547,0.00038504600524902344,1100000,0.02631545066833496,0
exp_1CORE_CAL_NEW_2,224.279,compute,0.0027043819427490234,0.04432868957519531,0.0005936622619628906,1100000,0.03951454162597656,0
exp_1CORE_CAL_NEW_2,227.266,compute,0.002192258834838867,0.03312849998474121,0.00022673606872558594,1100000,0.0264589786529541,0
exp_1CORE_CAL_NEW_2,230.295,compute,0.003075838088989258,0.060205936431884766,0.0006825923919677734,1100000,0.054892539978027344,0
exp_1CORE_CAL_NEW_2,233.305,compute,0.002977132797241211,0.07041287422180176,0.0007452964782714844,1100000,0.0650796890258789,0
exp_1CORE_CAL_NEW_2,236.295,compute,0.002573728561401367,0.06086111068725586,0.0006308555603027344,1100000,0.05518507957458496,0
exp_1CORE_CAL_NEW_2,239.299,compute,0.002998828887939453,0.0641932487487793,0.0006279945373535156,1100000,0.05885195732116699,0
exp_1CORE_CAL_NEW_2,242.271,compute,0.0031898021697998047,0.03556203842163086,0.0006899833679199219,1100000,0.02873849868774414,0
exp_1CORE_CAL_NEW_2,245.298,compute,0.0030379295349121094,0.06341004371643066,0.0007271766662597656,1100000,0.0580601692199707,0
exp_1CORE_CAL_NEW_2,248.299,compute,0.002810239791870117,0.06427192687988281,0.0005981922149658203,1100000,0.05905294418334961,0
exp_1CORE_CAL_NEW_2,251.298,compute,0.002950429916381836,0.06440615653991699,0.0007190704345703125,1100000,0.05756521224975586,0
exp_1CORE_CAL_NEW_2,254.309,compute,0.003855466842651367,0.07363724708557129,0.0007338523864746094,1100000,0.06740951538085938,0
exp_1CORE_CAL_NEW_2,257.305,compute,0.002924203872680664,0.07007360458374023,0.0007283687591552734,1100000,0.061064958572387695,0
exp_1CORE_CAL_NEW_2,260.299,compute,0.0037293434143066406,0.06310176849365234,0.0007112026214599609,1100000,0.056899070739746094,0
exp_1CORE_CAL_NEW_2,263.307,compute,0.003208637237548828,0.07217979431152344,0.0007195472717285156,1100000,0.06627082824707031,0
exp_1CORE_CAL_NEW_2,266.269,compute,0.0026929378509521484,0.034093379974365234,0.0006029605865478516,1100000,0.027463674545288086,0
exp_1CORE_CAL_NEW_2,269.271,compute,0.003195524215698242,0.0370945930480957,0.0007262229919433594,1100000,0.029046058654785156,0
exp_1CORE_CAL_NEW_2,272.284,compute,0.003110647201538086,0.04845929145812988,0.0007216930389404297,1100000,0.03468465805053711,0
exp_1CORE_CAL_NEW_2,275.297,compute,0.0029969215393066406,0.06241488456726074,0.0007135868072509766,1100000,0.05637955665588379,0
exp_1CORE_CAL_NEW_2,278.271,compute,0.003004789352416992,0.03578019142150879,0.0007619857788085938,1100000,0.029177427291870117,0
exp_1CORE_CAL_NEW_2,281.3,compute,0.0031664371490478516,0.06489729881286621,0.0007593631744384766,1100000,0.05842733383178711,0
exp_1CORE_CAL_NEW_2,284.298,compute,0.0029993057250976562,0.06454706192016602,0.000701904296875,1100000,0.05823802947998047,0
exp_1CORE_CAL_NEW_2,287.302,compute,0.003209352493286133,0.06686735153198242,0.0007288455963134766,1100000,0.057904958724975586,0
exp_1CORE_CAL_NEW_2,290.3,compute,0.003066539764404297,0.06526041030883789,0.0007331371307373047,1100000,0.058385372161865234,0
exp_1CORE_CAL_NEW_2,293.301,compute,0.003628969192504883,0.06518745422363281,0.0007026195526123047,1100000,0.058046817779541016,0
exp_1CORE_CAL_NEW_2,296.299,compute,0.0025556087493896484,0.06527209281921387,0.0005769729614257812,1100000,0.058806657791137695,0
exp_1CORE_CAL_NEW_3,0,compute,0.0029914379119873047,0.06304025650024414,0.0008153915405273438,1100000,0.05751991271972656,0
exp_1CORE_CAL_NEW_3,2.99467,compute,0.002909421920776367,0.0565800666809082,0.0006475448608398438,1100000,0.05140042304992676,0
exp_1CORE_CAL_NEW_3,6.00079,compute,0.0029265880584716797,0.06192588806152344,0.0005984306335449219,1100000,0.05680227279663086,0
exp_1CORE_CAL_NEW_3,8.9739,compute,0.0007488727569580078,0.03844904899597168,0.0001652240753173828,1100000,0.033690452575683594,0
exp_1CORE_CAL_NEW_3,11.0483,compute,0.0026373863220214844,0.03679060935974121,0.0005898475646972656,1100000,0.03160715103149414,0
exp_1CORE_CAL_NEW_3,14.0736,compute,0.002794027328491211,0.06184649467468262,0.0005548000335693359,1100000,0.05612301826477051,0
exp_1CORE_CAL_NEW_3,17.0468,compute,0.002760171890258789,0.034979820251464844,0.0005552768707275391,1100000,0.029056310653686523,0
exp_1CORE_CAL_NEW_3,20.0802,compute,0.0025298595428466797,0.06871366500854492,0.0005831718444824219,1100000,0.06350302696228027,0
exp_1CORE_CAL_NEW_3,23.0764,compute,0.0025560855865478516,0.06468439102172852,0.0005602836608886719,1100000,0.0598454475402832,0
exp_1CORE_CAL_NEW_3,26.0441,compute,0.002505779266357422,0.03351855278015137,0.0005764961242675781,1100000,0.02820897102355957,0
exp_1CORE_CAL_NEW_3,29.0718,compute,0.0026502609252929688,0.06098151206970215,0.0005555152893066406,1100000,0.05500173568725586,0
exp_1CORE_CAL_NEW_3,32.0776,compute,0.002602100372314453,0.06689763069152832,0.0005624294281005859,1100000,0.05920767784118652,0
exp_1CORE_CAL_NEW_3,35.044,compute,0.0024232864379882812,0.033503055572509766,0.0006246566772460938,1100000,0.028735637664794922,0
exp_1CORE_CAL_NEW_3,38.0409,compute,0.0009884834289550781,0.031173229217529297,0.0002307891845703125,1100000,0.026373624801635742,0
exp_1CORE_CAL_NEW_3,41.0434,compute,0.002554178237915039,0.032794952392578125,0.0005559921264648438,1100000,0.027659893035888672,0
exp_1CORE_CAL_NEW_3,44.0526,compute,0.007517099380493164,0.0369720458984375,0.00016999244689941406,1100000,0.03183746337890625,0
exp_1CORE_CAL_NEW_3,47.047,compute,0.002615690231323242,0.03521609306335449,0.0005564689636230469,1100000,0.02806830406188965,0
exp_1CORE_CAL_NEW_3,50.0748,compute,0.00241851806640625,0.06338691711425781,0.0005795955657958984,1100000,0.05727958679199219,0
exp_1CORE_CAL_NEW_3,53.0447,compute,0.0025942325592041016,0.032985687255859375,0.0005671977996826172,1100000,0.027609586715698242,0
exp_1CORE_CAL_NEW_3,56.0595,compute,0.0026063919067382812,0.04925727844238281,0.0006456375122070312,1100000,0.04454636573791504,0
exp_1CORE_CAL_NEW_3,59.0435,compute,0.0025899410247802734,0.032872676849365234,0.0005621910095214844,1100000,0.027579307556152344,0
exp_1CORE_CAL_NEW_3,62.0428,compute,0.0010585784912109375,0.03386497497558594,0.00018596649169921875,1100000,0.024671554565429688,0
exp_1CORE_CAL_NEW_3,65.0432,compute,0.0018732547760009766,0.03234267234802246,0.00037217140197753906,1100000,0.027703523635864258,0
exp_1CORE_CAL_NEW_3,68.0393,compute,0.0009584426879882812,0.0296022891998291,0.0001933574676513672,1100000,0.02517533302307129,0
exp_1CORE_CAL_NEW_3,71.0459,compute,0.0025794506072998047,0.03441953659057617,0.0006275177001953125,1100000,0.027375221252441406,0
exp_1CORE_CAL_NEW_3,74.0454,compute,0.002651214599609375,0.03384709358215332,0.0005671977996826172,1100000,0.027518510818481445,0
exp_1CORE_CAL_NEW_3,77.0407,compute,0.0008306503295898438,0.03211355209350586,0.00021266937255859375,1100000,0.025356292724609375,0
exp_1CORE_CAL_NEW_3,80.0747,compute,0.002388477325439453,0.06336259841918945,0.0005741119384765625,1100000,0.05768537521362305,0
exp_1CORE_CAL_NEW_3,83.0756,compute,0.0023152828216552734,0.06522130966186523,0.0005869865417480469,1100000,0.05953049659729004,0
exp_1CORE_CAL_NEW_3,86.0734,compute,0.002701997756958008,0.061737060546875,0.0005571842193603516,1100000,0.05676412582397461,0
exp_1CORE_CAL_NEW_3,89.0567,compute,0.00250244140625,0.0462183952331543,0.0005748271942138672,1100000,0.04048871994018555,0
exp_1CORE_CAL_NEW_3,92.0641,compute,0.002535581588745117,0.05267953872680664,0.0006096363067626953,1100000,0.04055619239807129,0
exp_1CORE_CAL_NEW_3,95.0718,compute,0.0024704933166503906,0.06062889099121094,0.0005662441253662109,1100000,0.05509686470031738,0
exp_1CORE_CAL_NEW_3,98.048,compute,0.0008356571197509766,0.038472890853881836,0.0002124309539794922,1100000,0.03398609161376953,0
exp_1CORE_CAL_NEW_3,101.042,compute,0.0007829666137695312,0.03242945671081543,0.00023245811462402344,1100000,0.025729656219482422,0
exp_1CORE_CAL_NEW_3,104.073,compute,0.0026123523712158203,0.06098461151123047,0.0007412433624267578,1100000,0.05295968055725098,0
exp_1CORE_CAL_NEW_3,107.079,compute,0.0031702518463134766,0.06722354888916016,0.0008518695831298828,1100000,0.05642366409301758,0
exp_1CORE_CAL_NEW_3,110.047,compute,0.002497434616088867,0.03591275215148926,0.0006327629089355469,1100000,0.028214216232299805,0
exp_1CORE_CAL_NEW_3,113.074,compute,0.002705812454223633,0.06340789794921875,0.0005533695220947266,1100000,0.05491065979003906,0
exp_1CORE_CAL_NEW_3,116.051,compute,0.0011954307556152344,0.043582916259765625,0.00024962425231933594,1100000,0.035369157791137695,0
exp_1CORE_CAL_NEW_3,119.074,compute,0.0026466846466064453,0.06313133239746094,0.0005486011505126953,1100000,0.055693626403808594,0
exp_1CORE_CAL_NEW_3,122.087,compute,0.002404928207397461,0.07635354995727539,0.0005922317504882812,1100000,0.06380343437194824,0
exp_1CORE_CAL_NEW_3,125.059,compute,0.0014500617980957031,0.048546552658081055,0.0003604888916015625,1100000,0.04321146011352539,0
exp_1CORE_CAL_NEW_3,128.047,compute,0.0026552677154541016,0.03500699996948242,0.0005540847778320312,1100000,0.02895069122314453,0
exp_1CORE_CAL_NEW_3,131.045,compute,0.002563953399658203,0.033536434173583984,0.0005545616149902344,1100000,0.028484344482421875,0
exp_1CORE_CAL_NEW_3,134.072,compute,0.0026895999908447266,0.0610806941986084,0.0005550384521484375,1100000,0.05536913871765137,0
exp_1CORE_CAL_NEW_3,137.05,compute,0.002573251724243164,0.038614749908447266,0.0005567073822021484,1100000,0.03295254707336426,0
exp_1CORE_CAL_NEW_3,140.072,compute,0.0024132728576660156,0.06021547317504883,0.0005831718444824219,1100000,0.05517411231994629,0
exp_1CORE_CAL_NEW_3,143.077,compute,0.002488374710083008,0.06504940986633301,0.0005967617034912109,1100000,0.05962324142456055,0
exp_1CORE_CAL_NEW_3,146.062,compute,0.0013833045959472656,0.05152320861816406,0.0002741813659667969,1100000,0.04620528221130371,0
exp_1CORE_CAL_NEW_3,149.071,compute,0.00262451171875,0.06051445007324219,0.0006244182586669922,1100000,0.05552172660827637,0
exp_1CORE_CAL_NEW_3,152.074,compute,0.0025641918182373047,0.06287598609924316,0.0005621910095214844,1100000,0.05682206153869629,0
exp_1CORE_CAL_NEW_3,155.041,compute,0.0011019706726074219,0.031119346618652344,0.00024271011352539062,1100000,0.026234865188598633,0
exp_1CORE_CAL_NEW_3,158.075,compute,0.0025963783264160156,0.06402134895324707,0.0005586147308349609,1100000,0.05873823165893555,0
exp_1CORE_CAL_NEW_3,161.045,compute,0.0026695728302001953,0.033300161361694336,0.0005583763122558594,1100000,0.02821493148803711,0
exp_1CORE_CAL_NEW_3,164.08,compute,0.0026731491088867188,0.06869888305664062,0.00055694580078125,1100000,0.06144070625305176,0
exp_1CORE_CAL_NEW_3,167.049,compute,0.0026264190673828125,0.03742480278015137,0.0033941268920898438,1100000,0.02848982810974121,0
exp_1CORE_CAL_NEW_3,169.337,compute,0.0032393932342529297,0.05997014045715332,0.0006771087646484375,1100000,0.05460643768310547,0
exp_1CORE_CAL_NEW_3,172.345,compute,0.0027251243591308594,0.0679786205291748,0.0005955696105957031,1100000,0.06287956237792969,0
exp_1CORE_CAL_NEW_3,175.298,compute,0.000675201416015625,0.02351832389831543,0.0001590251922607422,1100000,0.019285202026367188,0
exp_1CORE_CAL_NEW_3,178.34,compute,0.003041505813598633,0.06321358680725098,0.0006432533264160156,1100000,0.057456254959106445,0
exp_1CORE_CAL_NEW_3,181.342,compute,0.002626657485961914,0.0646202564239502,0.0005564689636230469,1100000,0.05898118019104004,0
exp_1CORE_CAL_NEW_3,184.347,compute,0.002792835235595703,0.06865906715393066,0.0006268024444580078,1100000,0.06368803977966309,0
exp_1CORE_CAL_NEW_3,187.341,compute,0.0026433467864990234,0.06381392478942871,0.0006542205810546875,1100000,0.05850577354431152,0
exp_1CORE_CAL_NEW_3,190.314,compute,0.0032701492309570312,0.035907745361328125,0.0006647109985351562,1100000,0.03067493438720703,0
exp_1CORE_CAL_NEW_3,193.344,compute,0.002894878387451172,0.06630754470825195,0.0005536079406738281,1100000,0.06119704246520996,0
exp_1CORE_CAL_NEW_3,196.344,compute,0.0030171871185302734,0.06565999984741211,0.000583648681640625,1100000,0.0596616268157959,0
exp_1CORE_CAL_NEW_3,199.341,compute,0.0031232833862304688,0.06309008598327637,0.0006673336029052734,1100000,0.05797243118286133,0
exp_1CORE_CAL_NEW_3,202.346,compute,0.0026280879974365234,0.06858181953430176,0.0005633831024169922,1100000,0.06351613998413086,0
exp_1CORE_CAL_NEW_3,205.339,compute,0.0025293827056884766,0.06191420555114746,0.0005900859832763672,1100000,0.05645179748535156,0
exp_1CORE_CAL_NEW_3,208.343,compute,0.0030727386474609375,0.06444287300109863,0.0006706714630126953,1100000,0.058638811111450195,0
exp_1CORE_CAL_NEW_3,211.341,compute,0.002481698989868164,0.06331562995910645,0.0005946159362792969,1100000,0.0569610595703125,0
exp_1CORE_CAL_NEW_3,214.338,compute,0.002608776092529297,0.06143641471862793,0.0005550384521484375,1100000,0.056210994720458984,0
exp_1CORE_CAL_NEW_3,217.341,compute,0.0027441978454589844,0.06325006484985352,0.0005643367767333984,1100000,0.05826401710510254,0
exp_1CORE_CAL_NEW_3,220.338,compute,0.002696514129638672,0.05988430976867676,0.0005481243133544922,1100000,0.055068016052246094,0
exp_1CORE_CAL_NEW_3,223.35,compute,0.0028312206268310547,0.07169485092163086,0.0005567073822021484,1100000,0.06727051734924316,0
exp_1CORE_CAL_NEW_3,226.341,compute,0.00244903564453125,0.06339430809020996,0.0005762577056884766,1100000,0.057309627532958984,0
exp_1CORE_CAL_NEW_3,229.316,compute,0.0010287761688232422,0.04030156135559082,0.000186920166015625,1100000,0.035637617111206055,0
exp_1CORE_CAL_NEW_3,232.349,compute,0.0025413036346435547,0.07141757011413574,0.0005826950073242188,1100000,0.06688642501831055,0
exp_1CORE_CAL_NEW_3,235.34,compute,0.0026464462280273438,0.06287693977355957,0.0005550384521484375,1100000,0.0577695369720459,0
exp_1CORE_CAL_NEW_3,238.342,compute,0.0027053356170654297,0.0643002986907959,0.0005857944488525391,1100000,0.0587773323059082,0
exp_1CORE_CAL_NEW_3,241.333,compute,0.0018951892852783203,0.05581545829772949,0.00034928321838378906,1100000,0.04901742935180664,0
exp_1CORE_CAL_NEW_3,244.311,compute,0.0009284019470214844,0.03641986846923828,0.0002384185791015625,1100000,0.03143191337585449,0
exp_1CORE_CAL_NEW_3,247.298,compute,0.0007526874542236328,0.02367544174194336,0.0001800060272216797,1100000,0.019296646118164062,0
exp_1CORE_CAL_NEW_3,250.31,compute,0.0020134449005126953,0.032892704010009766,0.0005390644073486328,1100000,0.028135299682617188,0
exp_1CORE_CAL_NEW_3,253.302,compute,0.0006847381591796875,0.02712082862854004,0.0001430511474609375,1100000,0.02284979820251465,0
exp_1CORE_CAL_NEW_3,256.301,compute,0.0007581710815429688,0.02561497688293457,0.0001595020294189453,1100000,0.021100759506225586,0
exp_1CORE_CAL_NEW_3,259.331,compute,0.002610921859741211,0.05375218391418457,0.0006186962127685547,1100000,0.04842257499694824,0
exp_1CORE_CAL_NEW_3,262.317,compute,0.0011069774627685547,0.04191851615905762,0.0001575946807861328,1100000,0.03688812255859375,0
exp_1CORE_CAL_NEW_3,265.312,compute,0.0009720325469970703,0.036750078201293945,0.0002620220184326172,1100000,0.032425880432128906,0
exp_1CORE_CAL_NEW_3,268.324,compute,0.0015785694122314453,0.04874372482299805,0.00031638145446777344,1100000,0.04365229606628418,0
exp_1CORE_CAL_NEW_3,271.335,compute,0.0013153553009033203,0.060082435607910156,0.0003008842468261719,1100000,0.04718732833862305,0
exp_1CORE_CAL_NEW_3,274.337,compute,0.002508401870727539,0.05991244316101074,0.0005950927734375,1100000,0.05498957633972168,0
exp_1CORE_CAL_NEW_3,277.326,compute,0.0025615692138671875,0.048233747482299805,0.0005826950073242188,1100000,0.042304039001464844,0
exp_1CORE_CAL_NEW_3,280.331,compute,0.0026857852935791016,0.05457735061645508,0.0005233287811279297,1100000,0.04941534996032715,0
exp_1CORE_CAL_NEW_3,283.307,compute,0.0009005069732666016,0.03150200843811035,0.0001842975616455078,1100000,0.024519681930541992,0
exp_1CORE_CAL_NEW_3,286.325,compute,0.0027043819427490234,0.04793691635131836,0.0007474422454833984,1100000,0.041049957275390625,0
exp_1CORE_CAL_NEW_3,289.304,compute,0.0009243488311767578,0.028979778289794922,0.00017118453979492188,1100000,0.02440810203552246,0
exp_1CORE_CAL_NEW_3,292.311,compute,0.0028519630432128906,0.03390860557556152,0.0007331371307373047,1100000,0.02893209457397461,0
exp_1CORE_CAL_NEW_3,295.297,compute,0.0006749629974365234,0.02295064926147461,0.0001437664031982422,1100000,0.019130468368530273,0
exp_1CORE_CAL_NEW_4,0,compute,0.00295257568359375,0.033590078353881836,0.0007517337799072266,1100000,0.0280148983001709,0
exp_1CORE_CAL_NEW_4,3.00482,compute,0.0028700828552246094,0.03853011131286621,0.0006244182586669922,1100000,0.028261423110961914,0
exp_1CORE_CAL_NEW_4,6.02277,compute,0.0028319358825683594,0.05738329887390137,0.00054931640625,1100000,0.05221724510192871,0
exp_1CORE_CAL_NEW_4,9.00432,compute,0.0018475055694580078,0.042023420333862305,0.00036978721618652344,1100000,0.03731679916381836,0
exp_1CORE_CAL_NEW_4,12.0024,compute,0.0023620128631591797,0.036827802658081055,0.0005428791046142578,1100000,0.03196215629577637,0
exp_1CORE_CAL_NEW_4,14.9998,compute,0.0024597644805908203,0.03408002853393555,0.0005776882171630859,1100000,0.02916121482849121,0
exp_1CORE_CAL_NEW_4,17.9989,compute,0.002634286880493164,0.03356313705444336,0.0005545616149902344,1100000,0.027625322341918945,0
exp_1CORE_CAL_NEW_4,21.0008,compute,0.0012700557708740234,0.0365145206451416,0.00027060508728027344,1100000,0.031642913818359375,0
exp_1CORE_CAL_NEW_4,24.0016,compute,0.0016734600067138672,0.03661465644836426,0.0003025531768798828,1100000,0.03177952766418457,0
exp_1CORE_CAL_NEW_4,26.9984,compute,0.002618551254272461,0.03238224983215332,0.0006353855133056641,1100000,0.02728104591369629,0
exp_1CORE_CAL_NEW_4,29.9981,compute,0.002571582794189453,0.03226590156555176,0.0006303787231445312,1100000,0.027100086212158203,0
exp_1CORE_CAL_NEW_4,33.0086,compute,0.0011174678802490234,0.04421663284301758,0.00023484230041503906,1100000,0.037078857421875,0
exp_1CORE_CAL_NEW_4,35.9947,compute,0.0009930133819580078,0.03065967559814453,0.00022482872009277344,1100000,0.02595829963684082,0
exp_1CORE_CAL_NEW_4,38.9937,compute,0.0008509159088134766,0.029872417449951172,0.00018143653869628906,1100000,0.025469064712524414,0
exp_1CORE_CAL_NEW_4,41.9939,compute,0.0008451938629150391,0.030786752700805664,0.00018525123596191406,1100000,0.02609539031982422,0
exp_1CORE_CAL_NEW_4,45.005,compute,0.0025768280029296875,0.0407106876373291,0.00020360946655273438,1100000,0.035686492919921875,0
exp_1CORE_CAL_NEW_4,48.0285,compute,0.0015833377838134766,0.06374549865722656,0.0003192424774169922,1100000,0.05785346031188965,0
exp_1CORE_CAL_NEW_4,51.0003,compute,0.002840757369995117,0.03410696983337402,0.0006892681121826172,1100000,0.02749943733215332,0
exp_1CORE_CAL_NEW_4,54.0319,compute,0.002814054489135742,0.0657191276550293,0.0005998611450195312,1100000,0.059159040451049805,0
exp_1CORE_CAL_NEW_4,57.0032,compute,0.002769947052001953,0.037804603576660156,0.0005512237548828125,1100000,0.032792091369628906,0
exp_1CORE_CAL_NEW_4,60.0052,compute,0.0027446746826171875,0.03896522521972656,0.0005524158477783203,1100000,0.03386569023132324,0
exp_1CORE_CAL_NEW_4,63.0234,compute,0.0013623237609863281,0.05890369415283203,0.0003008842468261719,1100000,0.05286860466003418,0
exp_1CORE_CAL_NEW_4,66.0301,compute,0.0025882720947265625,0.0640101432800293,0.0006372928619384766,1100000,0.058858394622802734,0
exp_1CORE_CAL_NEW_4,68.996,compute,0.0015430450439453125,0.03116297721862793,0.00020170211791992188,1100000,0.02635359764099121,0
exp_1CORE_CAL_NEW_4,71.9982,compute,0.0026426315307617188,0.03295779228210449,0.0005834102630615234,1100000,0.027861833572387695,0
exp_1CORE_CAL_NEW_4,75.0296,compute,0.0029723644256591797,0.06404781341552734,0.0006809234619140625,1100000,0.05897116661071777,0
exp_1CORE_CAL_NEW_4,78.0111,compute,0.001131296157836914,0.04674100875854492,0.00023603439331054688,1100000,0.04055976867675781,0
exp_1CORE_CAL_NEW_4,80.9982,compute,0.002655506134033203,0.03290700912475586,0.0005676746368408203,1100000,0.028036117553710938,0
exp_1CORE_CAL_NEW_4,84.0367,compute,0.0032813549041748047,0.06992173194885254,0.0005736351013183594,1100000,0.06467962265014648,0
exp_1CORE_CAL_NEW_4,87.0264,compute,0.0024251937866210938,0.06138014793395996,0.0006437301635742188,1100000,0.05605435371398926,0
exp_1CORE_CAL_NEW_4,89.9998,compute,0.0032014846801757812,0.033048391342163086,0.0006220340728759766,1100000,0.027923583984375,0
exp_1CORE_CAL_NEW_4,93.0018,compute,0.005665779113769531,0.0334622859954834,0.00018358230590820312,1100000,0.02547931671142578,0
exp_1CORE_CAL_NEW_4,96.0258,compute,0.0025556087493896484,0.05989694595336914,0.0005812644958496094,1100000,0.05477166175842285,0
exp_1CORE_CAL_NEW_4,99.0283,compute,0.003180980682373047,0.06246805191040039,0.0006203651428222656,1100000,0.057332754135131836,0
exp_1CORE_CAL_NEW_4,101.997,compute,0.0024917125701904297,0.03088212013244629,0.0005822181701660156,1100000,0.025849580764770508,0
exp_1CORE_CAL_NEW_4,105.026,compute,0.0027379989624023438,0.0596768856048584,0.0005905628204345703,1100000,0.05502462387084961,0
exp_1CORE_CAL_NEW_4,108.012,compute,0.0025589466094970703,0.04580044746398926,0.0005850791931152344,1100000,0.03938722610473633,0
exp_1CORE_CAL_NEW_4,110.998,compute,0.002627134323120117,0.033005475997924805,0.000560760498046875,1100000,0.028166770935058594,0
exp_1CORE_CAL_NEW_4,114.023,compute,0.0025060176849365234,0.05690908432006836,0.0005729198455810547,1100000,0.05211329460144043,0
exp_1CORE_CAL_NEW_4,116.998,compute,0.0025665760040283203,0.03316354751586914,0.0006253719329833984,1100000,0.02792501449584961,0
exp_1CORE_CAL_NEW_4,119.997,compute,0.0025320053100585938,0.03180837631225586,0.0006051063537597656,1100000,0.02618265151977539,0
exp_1CORE_CAL_NEW_4,123.007,compute,0.0030188560485839844,0.04184246063232422,0.0007321834564208984,1100000,0.03577542304992676,0
exp_1CORE_CAL_NEW_4,125.997,compute,0.0012989044189453125,0.03316926956176758,0.00021338462829589844,1100000,0.028049468994140625,0
exp_1CORE_CAL_NEW_4,129.004,compute,0.0024945735931396484,0.03835177421569824,0.0005674362182617188,1100000,0.032932281494140625,0
exp_1CORE_CAL_NEW_4,132.026,compute,0.0026197433471679688,0.06122326850891113,0.0005631446838378906,1100000,0.05608773231506348,0
exp_1CORE_CAL_NEW_4,135.029,compute,0.002557516098022461,0.06326460838317871,0.00055694580078125,1100000,0.05787801742553711,0
exp_1CORE_CAL_NEW_4,138.007,compute,0.0031251907348632812,0.04075145721435547,0.0006809234619140625,1100000,0.03437542915344238,0
exp_1CORE_CAL_NEW_4,141,compute,0.0009295940399169922,0.03373146057128906,0.00020766258239746094,1100000,0.028365612030029297,0
exp_1CORE_CAL_NEW_4,144.028,compute,0.0022220611572265625,0.06348252296447754,0.0005595684051513672,1100000,0.058467864990234375,0
exp_1CORE_CAL_NEW_4,147.027,compute,0.003180265426635742,0.06129026412963867,0.0006833076477050781,1100000,0.05570268630981445,0
exp_1CORE_CAL_NEW_4,150.027,compute,0.0027239322662353516,0.061395883560180664,0.0005986690521240234,1100000,0.05565690994262695,0
exp_1CORE_CAL_NEW_4,153.037,compute,0.0033164024353027344,0.07062220573425293,0.0007548332214355469,1100000,0.06459856033325195,0
exp_1CORE_CAL_NEW_4,156,compute,0.003488779067993164,0.0338132381439209,0.0008530616760253906,1100000,0.02829456329345703,0
exp_1CORE_CAL_NEW_4,159.002,compute,0.003087759017944336,0.0362856388092041,0.0006620883941650391,1100000,0.03075385093688965,0
exp_1CORE_CAL_NEW_4,162.025,compute,0.002862691879272461,0.0594327449798584,0.0005559921264648438,1100000,0.05360054969787598,0
exp_1CORE_CAL_NEW_4,164.994,compute,0.0008466243743896484,0.030309677124023438,0.00019168853759765625,1100000,0.02457594871520996,0
exp_1CORE_CAL_NEW_4,167.992,compute,0.0007517337799072266,0.030232667922973633,0.0001697540283203125,1100000,0.02440810203552246,0
exp_1CORE_CAL_NEW_4,171,compute,0.003275156021118164,0.033895254135131836,0.0006804466247558594,1100000,0.02883744239807129,0
exp_1CORE_CAL_NEW_4,173.992,compute,0.0007245540618896484,0.028673171997070312,0.00015282630920410156,1100000,0.024161338806152344,0
exp_1CORE_CAL_NEW_4,177,compute,0.0030927658081054688,0.0342562198638916,0.0006330013275146484,1100000,0.02932906150817871,0
exp_1CORE_CAL_NEW_4,180,compute,0.0027794837951660156,0.03392744064331055,0.0005626678466796875,1100000,0.028696298599243164,0
exp_1CORE_CAL_NEW_4,183.029,compute,0.002596139907836914,0.06258344650268555,0.0006048679351806641,1100000,0.05597233772277832,0
exp_1CORE_CAL_NEW_4,186.027,compute,0.0035352706909179688,0.06091618537902832,0.00086212158203125,1100000,0.05497097969055176,0
exp_1CORE_CAL_NEW_4,189.004,compute,0.0027146339416503906,0.03852534294128418,0.0006172657012939453,1100000,0.03309059143066406,0
exp_1CORE_CAL_NEW_4,191.995,compute,0.001046895980834961,0.03121209144592285,0.0001533031463623047,1100000,0.02598261833190918,0
exp_1CORE_CAL_NEW_4,195.002,compute,0.0030765533447265625,0.035711050033569336,0.0006730556488037109,1100000,0.030602455139160156,0
exp_1CORE_CAL_NEW_4,197.991,compute,0.0007452964782714844,0.02760934829711914,0.0001575946807861328,1100000,0.022861480712890625,0
exp_1CORE_CAL_NEW_4,201.032,compute,0.003117799758911133,0.06494712829589844,0.0006906986236572266,1100000,0.05928516387939453,0
exp_1CORE_CAL_NEW_4,204.011,compute,0.0028018951416015625,0.03436017036437988,0.0006008148193359375,1100000,0.028529644012451172,0
exp_1CORE_CAL_NEW_4,207.027,compute,0.003161191940307617,0.06071972846984863,0.0006992816925048828,1100000,0.055576324462890625,0
exp_1CORE_CAL_NEW_4,210.007,compute,0.002370119094848633,0.04145407676696777,0.0002281665802001953,1100000,0.03674721717834473,0
exp_1CORE_CAL_NEW_4,213.004,compute,0.0014221668243408203,0.03961372375488281,0.0003001689910888672,1100000,0.03349709510803223,0
exp_1CORE_CAL_NEW_4,216.003,compute,0.0029926300048828125,0.035904884338378906,0.0006742477416992188,1100000,0.030621051788330078,0
exp_1CORE_CAL_NEW_4,219.002,compute,0.003155231475830078,0.03552412986755371,0.0006756782531738281,1100000,0.02973484992980957,0
exp_1CORE_CAL_NEW_4,222.029,compute,0.002820730209350586,0.0629887580871582,0.000568389892578125,1100000,0.05739903450012207,0
exp_1CORE_CAL_NEW_4,225.031,compute,0.003079652786254883,0.06469440460205078,0.0006542205810546875,1100000,0.059461116790771484,0
exp_1CORE_CAL_NEW_4,228.007,compute,0.0031342506408691406,0.04124951362609863,0.0006768703460693359,1100000,0.03524327278137207,0
exp_1CORE_CAL_NEW_4,230.99,compute,0.0007131099700927734,0.026507854461669922,0.00014734268188476562,1100000,0.01963353157043457,0
exp_1CORE_CAL_NEW_4,234.004,compute,0.0006883144378662109,0.04115438461303711,0.00014543533325195312,1100000,0.025856494903564453,0
exp_1CORE_CAL_NEW_4,236.986,compute,0.0006771087646484375,0.023224592208862305,0.0001556873321533203,1100000,0.019285202026367188,0
exp_1CORE_CAL_NEW_4,240.009,compute,0.002711057662963867,0.04256916046142578,0.000560760498046875,1100000,0.03749585151672363,0
exp_1CORE_CAL_NEW_4,243.028,compute,0.0026738643646240234,0.062207937240600586,0.0005960464477539062,1100000,0.05576133728027344,0
exp_1CORE_CAL_NEW_4,246.025,compute,0.0030670166015625,0.059165000915527344,0.0006163120269775391,1100000,0.05418992042541504,0
exp_1CORE_CAL_NEW_4,248.986,compute,0.0007283687591552734,0.02296590805053711,0.0001423358917236328,1100000,0.019269943237304688,0
exp_1CORE_CAL_NEW_4,251.989,compute,0.0007388591766357422,0.026244163513183594,0.00015854835510253906,1100000,0.021736860275268555,0
exp_1CORE_CAL_NEW_4,255.007,compute,0.0026090145111083984,0.04294300079345703,0.0005772113800048828,1100000,0.038100242614746094,0
exp_1CORE_CAL_NEW_4,258.025,compute,0.0016710758209228516,0.06104850769042969,0.00034999847412109375,1100000,0.05477547645568848,0
exp_1CORE_CAL_NEW_4,260.998,compute,0.002572774887084961,0.0332636833190918,0.0006127357482910156,1100000,0.028199195861816406,0
exp_1CORE_CAL_NEW_4,264.03,compute,0.0025768280029296875,0.0640718936920166,0.0005891323089599609,1100000,0.058728933334350586,0
exp_1CORE_CAL_NEW_4,267.023,compute,0.002599000930786133,0.05795598030090332,0.0006871223449707031,1100000,0.05267786979675293,0
exp_1CORE_CAL_NEW_4,269.995,compute,0.0007796287536621094,0.0316617488861084,0.00017499923706054688,1100000,0.02666640281677246,0
exp_1CORE_CAL_NEW_4,273.002,compute,0.0008642673492431641,0.03820943832397461,0.0001881122589111328,1100000,0.029198408126831055,0
exp_1CORE_CAL_NEW_4,276.029,compute,0.0027451515197753906,0.06273150444030762,0.0006084442138671875,1100000,0.0550079345703125,0
exp_1CORE_CAL_NEW_4,278.995,compute,0.0007367134094238281,0.03155040740966797,0.0001494884490966797,1100000,0.024986743927001953,0
exp_1CORE_CAL_NEW_4,282.007,compute,0.0007603168487548828,0.0435185432434082,0.00016379356384277344,1100000,0.03654980659484863,0
exp_1CORE_CAL_NEW_4,285.005,compute,0.0007174015045166016,0.04174065589904785,0.00017571449279785156,1100000,0.026555776596069336,0
exp_1CORE_CAL_NEW_4,286.334,compute,0.0007736682891845703,0.03169059753417969,0.00018095970153808594,1100000,0.024460554122924805,0
exp_1CORE_CAL_NEW_4,289.334,compute,0.0010905265808105469,0.03077077865600586,0.00019598007202148438,1100000,0.025194883346557617,0
exp_1CORE_CAL_NEW_4,292.362,compute,0.0030024051666259766,0.05745863914489746,0.0005898475646972656,1100000,0.052059173583984375,0
